date,country,totdea_mean,population
2020-03-04,United States,0.008761259135655685,331002651
2020-03-05,United States,0.009969708671608192,331002651
2020-03-06,United States,0.011782382975536954,331002651
2020-03-07,United States,0.012084495359525082,331002651
2020-03-08,United States,0.014199282047441971,331002651
2020-03-09,United States,0.01540773158339448,331002651
2020-03-10,United States,0.016918293503335114,331002651
2020-03-11,United States,0.01842885542327575,331002651
2020-03-12,United States,0.020241529727204513,331002651
2020-03-13,United States,0.021449979263157018,331002651
2020-03-14,United States,0.025075327871014547,331002651
2020-03-15,United States,0.029909126014824577,331002651
2020-03-16,United States,0.038368272766492136,331002651
2020-03-17,United States,0.04712953190214782,331002651
2020-03-18,United States,0.05649501580577975,331002651
2020-03-19,United States,0.08096611890881805,331002651
2020-03-20,United States,0.10211398578798693,331002651
2020-03-21,United States,0.12718931365900146,331002651
2020-03-22,United States,0.16163012543364796,331002651
2020-03-23,United States,0.19939417343216384,331002651
2020-03-24,United States,0.26072298738175365,331002651
2020-03-25,United States,0.3431996682105123,331002651
2020-03-26,United States,0.43504183294290294,331002651
2020-03-27,United States,0.5631374837538687,331002651
2020-03-28,United States,0.7308098568672793,331002651
2020-03-29,United States,0.8691773287338413,331002651
2020-03-30,United States,1.0564870068064802,331002651
2020-03-31,United States,1.3703817737701443,331002651
2020-04-01,United States,1.6927356874854758,331002651
2020-04-02,United States,2.058593784495098,331002651
2020-04-03,United States,2.511762360477288,331002651
2020-04-04,United States,2.9912147138664458,331002651
2020-04-05,United States,3.3845650378189873,331002651
2020-04-06,United States,3.7395470890050366,331002651
2020-04-07,United States,4.428363324497966,331002651
2020-04-08,United States,5.0893852206639885,331002651
2020-04-09,United States,5.7259360137269715,331002651
2020-04-10,United States,6.365810043013825,331002651
2020-04-11,United States,6.999641824620915,331002651
2020-04-12,United States,7.531963845207995,331002651
2020-04-13,United States,8.061566854339182,331002651
2020-04-14,United States,8.881499864482958,331002651
2020-04-15,United States,9.669711074307981,331002651
2020-04-16,United States,10.354297736425078,331002651
2020-04-17,United States,11.062751276877236,331002651
2020-04-18,United States,11.652776762806047,331002651
2020-04-19,United States,12.218633258015808,331002651
2020-04-20,United States,12.751861615754853,331002651
2020-04-21,United States,13.485692596462014,331002651
2020-04-22,United States,14.227076386768879,331002651
2020-04-23,United States,14.958188356020147,331002651
2020-04-24,United States,15.554256089628721,331002651
2020-04-25,United States,16.124644270598303,331002651
2020-04-26,United States,16.527964303222454,331002651
2020-04-27,United States,16.98928991357232,331002651
2020-04-28,United States,17.68686740820091,331002651
2020-04-29,United States,18.480818753321707,331002651
2020-04-30,United States,19.124318131216416,331002651
2020-05-01,United States,19.686549277818322,331002651
2020-05-02,United States,20.037301755628537,331002651
2020-05-03,United States,20.4962104669065,331002651
2020-05-04,United States,20.9058748595944,331002651
2020-05-05,United States,21.58502349879971,331002651
2020-05-06,United States,22.33244953678634,331002651
2020-05-07,United States,22.90465039205985,331002651
2020-05-08,United States,23.404344275176214,331002651
2020-05-09,United States,23.841198782423046,331002651
2020-05-10,United States,23.998901446864846,331002651
2020-05-11,United States,24.425786245440072,331002651
2020-05-12,United States,24.929105477164292,331002651
2020-05-13,United States,25.457802149143514,331002651
2020-05-14,United States,25.990728394498568,331002651
2020-05-15,United States,26.486494816623086,331002651
2020-05-16,United States,26.85054023932878,331002651
2020-05-17,United States,26.9747084291479,331002651
2020-05-18,United States,27.344796099533355,331002651
2020-05-19,United States,27.813674519482923,331002651
2020-05-20,United States,28.266843095465116,331002651
2020-05-21,United States,28.654151171737894,331002651
2020-05-22,United States,29.03602122509889,331002651
2020-05-23,United States,29.373480758013624,331002651
2020-05-24,United States,29.41970395276381,331002651
2020-05-25,United States,29.57106225714186,331002651
2020-05-26,United States,29.931482331239696,331002651
2020-05-27,United States,30.37770232239016,331002651
2020-05-28,United States,30.73751817172002,331002651
2020-05-29,United States,31.100959369657737,331002651
2020-05-30,United States,31.385549235374555,331002651
2020-05-31,United States,31.545064574120286,331002651
2020-06-01,United States,31.769231963039473,331002651
2020-06-02,United States,32.07678236993939,331002651
2020-06-03,United States,32.37224828147978,331002651
2020-06-04,United States,32.69067473420326,331002651
2020-06-05,United States,32.959554755952695,331002651
2020-06-06,United States,33.10487081265098,331002651
2020-06-07,United States,33.25351010557314,331002651
2020-06-08,United States,33.302361678064024,331002651
2020-06-09,United States,33.52788857271116,331002651
2020-06-10,United States,33.749578640081644,331002651
2020-06-11,United States,33.967462091413886,331002651
2020-06-12,United States,34.18162956042307,331002651
2020-06-13,United States,34.39223210330119,331002651
2020-06-14,United States,34.599450987478654,331002651
2020-06-15,United States,34.80346748038583,331002651
2020-06-16,United States,35.00461390564512,331002651
2020-06-17,United States,35.20301110821012,331002651
2020-06-18,United States,35.39884035551123,331002651
2020-06-19,United States,35.59210164754844,331002651
2020-06-20,United States,35.78282519556014,331002651
2020-06-21,United States,35.97098078830794,331002651
2020-06-22,United States,36.15641736959986,331002651
2020-06-23,United States,36.33907451695908,331002651
2020-06-24,United States,36.518831385432016,331002651
2020-06-25,United States,36.695627552541865,331002651
2020-06-26,United States,36.869463018288634,331002651
2020-06-27,United States,37.04039820514912,331002651
2020-06-28,United States,37.20852374683851,331002651
2020-06-29,United States,37.37390006583361,331002651
2020-06-30,United States,37.53649695089602,331002651
2020-07-01,United States,37.696374824502534,331002651
2020-07-02,United States,37.853533686653165,331002651
2020-07-03,United States,38.00800374858629,331002651
2020-07-04,United States,38.159966277732316,331002651
2020-07-05,United States,38.30960254152164,331002651
2020-07-06,United States,38.457033384907845,331002651
2020-07-07,United States,38.60228901912934,331002651
2020-07-08,United States,38.745520500378106,331002651
2020-07-09,United States,38.886758039892555,331002651
2020-07-10,United States,39.026001637672685,331002651
2020-07-11,United States,39.16343256114889,331002651
2020-07-12,United States,39.29908102155955,331002651
2020-07-13,United States,39.43303765261989,331002651
2020-07-14,United States,39.56539308804509,331002651
2020-07-15,United States,39.696177539073545,331002651
2020-07-16,United States,39.82545142818206,331002651
2020-07-17,United States,39.95327517784744,331002651
2020-07-18,United States,40.079709210546476,331002651
2020-07-19,United States,40.20484415999436,331002651
2020-07-20,United States,40.32877065990628,331002651
2020-07-21,United States,40.451518921520666,331002651
2020-07-22,United States,40.57314936731429,331002651
2020-07-23,United States,40.693722419763944,331002651
2020-07-24,United States,40.81326829010804,331002651
2020-07-25,United States,40.931847400823386,331002651
2020-07-26,United States,41.049580596863564,331002651
2020-07-27,United States,41.166467878228566,331002651
2020-07-28,United States,41.2825998786336,331002651
2020-07-29,United States,41.39800680931706,331002651
2020-07-30,United States,41.51274909275575,331002651
2020-07-31,United States,41.62685694018807,331002651
2020-03-04,Brazil,0.0,212559417
2020-03-05,Brazil,0.0,212559417
2020-03-06,Brazil,0.0,212559417
2020-03-07,Brazil,0.0,212559417
2020-03-08,Brazil,0.0,212559417
2020-03-09,Brazil,0.0,212559417
2020-03-10,Brazil,0.0,212559417
2020-03-11,Brazil,0.0,212559417
2020-03-12,Brazil,0.0,212559417
2020-03-13,Brazil,0.0,212559417
2020-03-14,Brazil,0.0,212559417
2020-03-15,Brazil,0.0,212559417
2020-03-16,Brazil,0.0,212559417
2020-03-17,Brazil,0.00047045669117543726,212559417
2020-03-18,Brazil,0.001881826764701749,212559417
2020-03-19,Brazil,0.002822740147052624,212559417
2020-03-20,Brazil,0.00517502360292981,212559417
2020-03-21,Brazil,0.008468220441157871,212559417
2020-03-22,Brazil,0.011761417279385932,212559417
2020-03-23,Brazil,0.01599552749996487,212559417
2020-03-24,Brazil,0.021641007794070116,212559417
2020-03-25,Brazil,0.026816031396999927,212559417
2020-03-26,Brazil,0.03622516522050868,212559417
2020-03-27,Brazil,0.04328201558814023,212559417
2020-03-28,Brazil,0.05363206279399985,212559417
2020-03-29,Brazil,0.06398210999985948,212559417
2020-03-30,Brazil,0.07480261389689453,212559417
2020-03-31,Brazil,0.0945617949262629,212559417
2020-04-01,Brazil,0.11338006257328039,212559417
2020-04-02,Brazil,0.14066655066145575,212559417
2020-04-03,Brazil,0.168893952131982,212559417
2020-04-04,Brazil,0.20323729058778892,212559417
2020-04-05,Brazil,0.22864195191126252,212559417
2020-04-06,Brazil,0.26016255022001683,212559417
2020-04-07,Brazil,0.3133241563228413,212559417
2020-04-08,Brazil,0.37636535294034984,212559417
2020-04-09,Brazil,0.4426997463960865,212559417
2020-04-10,Brazil,0.49680226588126186,212559417
2020-04-11,Brazil,0.5287933208811916,212559417
2020-04-12,Brazil,0.5753685333075598,212559417
2020-04-13,Brazil,0.6247664858809807,212559417
2020-04-14,Brazil,0.72073965088077,212559417
2020-04-15,Brazil,0.8167128158805591,212559417
2020-04-16,Brazil,0.9051586738215414,212559417
2020-04-17,Brazil,1.0072477758066114,212559417
2020-04-18,Brazil,1.1041618541887515,212559417
2020-04-19,Brazil,1.1582643736739267,212559417
2020-04-20,Brazil,1.211425979776751,212559417
2020-04-21,Brazil,1.2895217905118737,212559417
2020-04-22,Brazil,1.367147144555821,212559417
2020-04-23,Brazil,1.558623017864224,212559417
2020-04-24,Brazil,1.726576056613855,212559417
2020-04-25,Brazil,1.8893540717605561,212559417
2020-04-26,Brazil,1.9782703863927138,212559417
2020-04-27,Brazil,2.1372847480100114,212559417
2020-04-28,Brazil,2.360281219627169,212559417
2020-04-29,Brazil,2.5715162739649404,212559417
2020-04-30,Brazil,2.7761649346262556,212559417
2020-05-01,Brazil,2.977520398449343,212559417
2020-05-02,Brazil,3.1633507914636403,212559417
2020-05-03,Brazil,3.3049582555074473,212559417
2020-05-04,Brazil,3.4442134360953767,212559417
2020-05-05,Brazil,3.7264874508006387,212559417
2020-05-06,Brazil,4.0153478591823575,212559417
2020-05-07,Brazil,4.302796897490549,212559417
2020-05-08,Brazil,4.655168959180952,212559417
2020-05-09,Brazil,4.999543257121372,212559417
2020-05-10,Brazil,5.232889775944389,212559417
2020-05-11,Brazil,5.419190625649863,212559417
2020-05-12,Brazil,5.833662970575423,212559417
2020-05-13,Brazil,6.186035032265824,212559417
2020-05-14,Brazil,6.583100479617895,212559417
2020-05-15,Brazil,6.970756793146454,212559417
2020-05-16,Brazil,7.354649453145611,212559417
2020-05-17,Brazil,7.582820948365699,212559417
2020-05-18,Brazil,7.8999087582179435,212559417
2020-05-19,Brazil,8.454577197113784,212559417
2020-05-20,Brazil,8.872342738877572,212559417
2020-05-21,Brazil,9.431245287993992,212559417
2020-05-22,Brazil,9.901231522478254,212559417
2020-05-23,Brazil,10.356163142844903,212559417
2020-05-24,Brazil,10.663371362182462,212559417
2020-05-25,Brazil,11.04302991196104,212559417
2020-05-26,Brazil,11.53183441409232,212559417
2020-05-27,Brazil,12.042750380708844,212559417
2020-05-28,Brazil,12.586598315707649,212559417
2020-05-29,Brazil,13.115391636588843,212559417
2020-05-30,Brazil,13.56514823335256,212559417
2020-05-31,Brazil,13.790967445116769,212559417
2020-06-01,Brazil,14.084061963719067,212559417
2020-06-02,Brazil,14.677778307982468,212559417
2020-06-03,Brazil,14.880324027234229,212559417
2020-06-04,Brazil,15.314381484213422,212559417
2020-06-05,Brazil,15.752329618028638,212559417
2020-06-06,Brazil,16.195890300169577,212559417
2020-06-07,Brazil,16.646639560551673,212559417
2020-06-08,Brazil,17.105946428146254,212559417
2020-06-09,Brazil,17.57488824877611,212559417
2020-06-10,Brazil,18.05426479881623,212559417
2020-06-11,Brazil,18.54467826283133,212559417
2020-06-12,Brazil,19.04671200711846,212559417
2020-06-13,Brazil,19.560982329943066,212559417
2020-06-14,Brazil,20.08811493870441,212559417
2020-06-15,Brazil,20.628509721589985,212559417
2020-06-16,Brazil,21.182298406473333,212559417
2020-06-17,Brazil,21.749311628945616,212559417
2020-06-18,Brazil,22.329069523181843,212559417
2020-06-19,Brazil,22.92106399595554,212559417
2020-06-20,Brazil,23.525031591519653,212559417
2020-06-21,Brazil,24.140925264205066,212559417
2020-06-22,Brazil,24.768777945980162,212559417
2020-06-23,Brazil,25.408707251017724,212559417
2020-06-24,Brazil,26.060962521364086,212559417
2020-06-25,Brazil,26.725746053396445,212559417
2020-06-26,Brazil,27.40315193845305,212559417
2020-06-27,Brazil,28.093278972439034,212559417
2020-06-28,Brazil,28.796588202911757,212559417
2020-06-29,Brazil,29.513997020419,212559417
2020-06-30,Brazil,30.246531020547536,212559417
2020-07-01,Brazil,30.99533811762383,212559417
2020-07-02,Brazil,31.761735590383182,212559417
2020-07-03,Brazil,32.54686664858513,212559417
2020-07-04,Brazil,33.351691023879695,212559417
2020-07-05,Brazil,34.177243720987434,212559417
2020-07-06,Brazil,35.02464913140028,212559417
2020-07-07,Brazil,35.89510221511381,212559417
2020-07-08,Brazil,36.7898732051942,212559417
2020-07-09,Brazil,37.71033583517968,212559417
2020-07-10,Brazil,38.657981452781264,212559417
2020-07-11,Brazil,39.63442842901663,212559417
2020-07-12,Brazil,40.64137040797397,212559417
2020-07-13,Brazil,41.68060453421361,212559417
2020-07-14,Brazil,42.754036157334774,212559417
2020-07-15,Brazil,43.86368824110954,212559417
2020-07-16,Brazil,45.0117201817504,212559417
2020-07-17,Brazil,46.20044192161103,212559417
2020-07-18,Brazil,47.43233747202082,212559417
2020-07-19,Brazil,48.71009784525331,212559417
2020-07-20,Brazil,50.03650344035334,212559417
2020-07-21,Brazil,51.4145181344753,212559417
2020-07-22,Brazil,52.8472939874501,212559417
2020-07-23,Brazil,54.33817124178506,212559417
2020-07-24,Brazil,55.890584231325775,212559417
2020-07-25,Brazil,57.508155472594275,212559417
2020-07-26,Brazil,59.19446043644352,212559417
2020-07-27,Brazil,60.95330982207201,212559417
2020-07-28,Brazil,62.78842023734005,212559417
2020-07-29,Brazil,64.70360238144613,212559417
2020-07-30,Brazil,66.70257286225056,212559417
2020-07-31,Brazil,68.78914237895185,212559417
2020-03-04,Japan,0.004743965756600353,126476461
2020-03-05,Japan,0.004743965756600353,126476461
2020-03-06,Japan,0.004743965756600353,126476461
2020-03-07,Japan,0.004743965756600353,126476461
2020-03-08,Japan,0.005534626716033744,126476461
2020-03-09,Japan,0.007115948634900528,126476461
2020-03-10,Japan,0.009487931513200706,126476461
2020-03-11,Japan,0.011859914391500881,126476461
2020-03-12,Japan,0.015022558229234451,126476461
2020-03-13,Japan,0.016603880148101234,126476461
2020-03-14,Japan,0.017394541107534627,126476461
2020-03-15,Japan,0.01897586302640141,126476461
2020-03-16,Japan,0.022138506864134978,126476461
2020-03-17,Japan,0.022929167823568374,126476461
2020-03-18,Japan,0.024510489742435155,126476461
2020-03-19,Japan,0.026091811661301936,126476461
2020-03-20,Japan,0.027673133580168725,126476461
2020-03-21,Japan,0.028463794539602114,126476461
2020-03-22,Japan,0.032417099336769076,126476461
2020-03-23,Japan,0.03320776029620247,126476461
2020-03-24,Japan,0.03399842125563586,126476461
2020-03-25,Japan,0.035579743174502645,126476461
2020-03-26,Japan,0.03637040413393604,126476461
2020-03-27,Japan,0.038742387012236215,126476461
2020-03-28,Japan,0.04111436989053639,126476461
2020-03-29,Japan,0.04269569180940317,126476461
2020-03-30,Japan,0.044277013728269955,126476461
2020-03-31,Japan,0.04506767468770335,126476461
2020-04-01,Japan,0.047439657566003525,126476461
2020-04-02,Japan,0.0498116404443037,126476461
2020-04-03,Japan,0.05455560620090406,126476461
2020-04-04,Japan,0.05534626716033745,126476461
2020-04-05,Japan,0.05771825003863762,126476461
2020-04-06,Japan,0.06325287675467137,126476461
2020-04-07,Japan,0.06404353771410476,126476461
2020-04-08,Japan,0.06720618155183833,126476461
2020-04-09,Japan,0.0695781644301385,126476461
2020-04-10,Japan,0.07432213018673886,126476461
2020-04-11,Japan,0.07748477402447243,126476461
2020-04-12,Japan,0.080647417862206,126476461
2020-04-13,Japan,0.10436724664520775,126476461
2020-04-14,Japan,0.11622716103670865,126476461
2020-04-15,Japan,0.13441236310367666,126476461
2020-04-16,Japan,0.14627227749517754,126476461
2020-04-17,Japan,0.15655086996781165,126476461
2020-04-18,Japan,0.16603880148101235,126476461
2020-04-19,Japan,0.17631739395364646,126476461
2020-04-20,Japan,0.1929212741017477,126476461
2020-04-21,Japan,0.21901308576304962,126476461
2020-04-22,Japan,0.22691969535738352,126476461
2020-04-23,Japan,0.25063952414038526,126476461
2020-04-24,Japan,0.26408076045075296,126476461
2020-04-25,Japan,0.27515001388282045,126476461
2020-04-26,Japan,0.27752199676112066,126476461
2020-04-27,Japan,0.29728852074695544,126476461
2020-04-28,Japan,0.3075671132195895,126476461
2020-04-29,Japan,0.3281242981648577,126476461
2020-04-30,Japan,0.34156553447522536,126476461
2020-05-01,Japan,0.36212271942049357,126476461
2020-05-02,Japan,0.38900519204122896,126476461
2020-05-03,Japan,0.40323708931103,126476461
2020-05-04,Japan,0.4119343598647973,126476461
2020-05-05,Japan,0.4293289009723319,126476461
2020-05-06,Japan,0.43565418864779903,126476461
2020-05-07,Japan,0.4403981544043994,126476461
2020-05-08,Japan,0.4743965756600353,126476461
2020-05-09,Japan,0.4846751681326693,126476461
2020-05-10,Japan,0.49100045580813656,126476461
2020-05-11,Japan,0.5083949969156711,126476461
2020-05-12,Japan,0.5281615209015059,126476461
2020-05-13,Japan,0.5431840791307404,126476461
2020-05-14,Japan,0.5613692811977085,126476461
2020-05-15,Japan,0.5732291955892093,126476461
2020-05-16,Japan,0.5882517538184437,126476461
2020-05-17,Japan,0.5945770414939109,126476461
2020-05-18,Japan,0.6032743120476781,126476461
2020-05-19,Japan,0.6095995997231453,126476461
2020-05-20,Japan,0.6143435654797457,126476461
2020-05-21,Japan,0.6293661237089802,126476461
2020-05-22,Japan,0.6388540552221808,126476461
2020-05-23,Japan,0.6483419867353816,126476461
2020-05-24,Japan,0.6562485963297154,126476461
2020-05-25,Japan,0.6688991716806497,126476461
2020-05-26,Japan,0.6783871031938504,126476461
2020-05-27,Japan,0.6855030518287509,126476461
2020-05-28,Japan,0.6910376785447847,126476461
2020-05-29,Japan,0.7005256100579854,126476461
2020-05-30,Japan,0.7044789148551523,126476461
2020-05-31,Japan,0.7052695758145858,126476461
2020-06-01,Japan,0.7068508977334526,126476461
2020-06-02,Japan,0.7115948634900529,126476461
2020-06-03,Japan,0.7164864456477795,126476461
2020-06-04,Japan,0.7236646983662833,126476461
2020-06-05,Japan,0.7309387791930706,126476461
2020-06-06,Japan,0.738280935928465,126476461
2020-06-07,Japan,0.7456551144327165,126476461
2020-06-08,Japan,0.7530189352783994,126476461
2020-06-09,Japan,0.7603262238654828,126476461
2020-06-10,Japan,0.7675286708093453,126476461
2020-06-11,Japan,0.7745925939531151,126476461
2020-06-12,Japan,0.78150146848274,126476461
2020-06-13,Japan,0.7882394811790315,126476461
2020-06-14,Japan,0.7947890003025939,126476461
2020-06-15,Japan,0.8011308918582091,126476461
2020-06-16,Japan,0.8072482357013452,126476461
2020-06-17,Japan,0.8131291719176107,126476461
2020-06-18,Japan,0.8187657938974116,126476461
2020-06-19,Japan,0.8241596829626661,126476461
2020-06-20,Japan,0.8293195363839284,126476461
2020-06-21,Japan,0.8342587953975088,126476461
2020-06-22,Japan,0.8389924825616364,126476461
2020-06-23,Japan,0.8435387830783784,126476461
2020-06-24,Japan,0.8479166728107611,126476461
2020-06-25,Japan,0.8521348490293383,126476461
2020-06-26,Japan,0.8561956837169882,126476461
2020-06-27,Japan,0.8601047115004269,126476461
2020-06-28,Japan,0.8638674670063703,126476461
2020-06-29,Japan,0.8674902755224942,126476461
2020-06-30,Japan,0.8709786716755143,126476461
2020-07-01,Japan,0.8743358181092685,126476461
2020-07-02,Japan,0.8775672494504729,126476461
2020-07-03,Japan,0.8806769190039243,126476461
2020-07-04,Japan,0.8836703613963391,126476461
2020-07-05,Japan,0.8865523205934739,126476461
2020-07-06,Japan,0.8893275405610851,126476461
2020-07-07,Japan,0.8920007652649294,126476461
2020-07-08,Japan,0.8945743666878853,126476461
2020-07-09,Japan,0.8970522981347494,126476461
2020-07-10,Japan,0.8994385129103194,126476461
2020-07-11,Japan,0.9017361736584327,126476461
2020-07-12,Japan,0.9039500243448462,126476461
2020-07-13,Japan,0.9060832276133974,126476461
2020-07-14,Japan,0.9081389461079243,126476461
2020-07-15,Japan,0.9101203424722644,126476461
2020-07-16,Japan,0.9120297886892961,126476461
2020-07-17,Japan,0.9138696567418976,126476461
2020-07-18,Japan,0.915643899934866,126476461
2020-07-19,Japan,0.9173548902510801,126476461
2020-07-20,Japan,0.9190049996734175,126476461
2020-07-21,Japan,0.9205981815066756,126476461
2020-07-22,Japan,0.922134435750855,126476461
2020-07-23,Japan,0.9236177157107519,126476461
2020-07-24,Japan,0.9250496027082858,126476461
2020-07-25,Japan,0.9264316780653754,126476461
2020-07-26,Japan,0.9277663137648988,126476461
2020-07-27,Japan,0.9290558817897347,126476461
2020-07-28,Japan,0.9303027541227613,126476461
2020-07-29,Japan,0.9315077214249377,126476461
2020-07-30,Japan,0.9326723650181833,126476461
2020-07-31,Japan,0.9337990568853757,126476461
2020-03-04,Philippines,0.0009125663100339275,109581078
2020-03-05,Philippines,0.0009125663100339275,109581078
2020-03-06,Philippines,0.0009125663100339275,109581078
2020-03-07,Philippines,0.0009125663100339275,109581078
2020-03-08,Philippines,0.0009125663100339275,109581078
2020-03-09,Philippines,0.0009125663100339275,109581078
2020-03-10,Philippines,0.0009125663100339275,109581078
2020-03-11,Philippines,0.0009125663100339275,109581078
2020-03-12,Philippines,0.001825132620067855,109581078
2020-03-13,Philippines,0.004562831550169638,109581078
2020-03-14,Philippines,0.00730053048027142,109581078
2020-03-15,Philippines,0.010038229410373203,109581078
2020-03-16,Philippines,0.01095079572040713,109581078
2020-03-17,Philippines,0.01095079572040713,109581078
2020-03-18,Philippines,0.017338759890644623,109581078
2020-03-19,Philippines,0.015513627270576768,109581078
2020-03-20,Philippines,0.016426193580610697,109581078
2020-03-21,Philippines,0.017338759890644623,109581078
2020-03-22,Philippines,0.02281415775084819,109581078
2020-03-23,Philippines,0.030114688231119607,109581078
2020-03-24,Philippines,0.03193982085118746,109581078
2020-03-25,Philippines,0.034677519781289246,109581078
2020-03-26,Philippines,0.04106548395152674,109581078
2020-03-27,Philippines,0.04927858074183209,109581078
2020-03-28,Philippines,0.06205450908230707,109581078
2020-03-29,Philippines,0.06479220801240886,109581078
2020-03-30,Philippines,0.07118017218264636,109581078
2020-03-31,Philippines,0.08030583528298563,109581078
2020-04-01,Philippines,0.08760636576325705,109581078
2020-04-02,Philippines,0.09764459517363025,109581078
2020-04-03,Philippines,0.12410901816461414,109581078
2020-04-04,Philippines,0.13140954864488558,109581078
2020-04-05,Philippines,0.13871007912515698,109581078
2020-04-06,Philippines,0.1487483085355302,109581078
2020-04-07,Philippines,0.16152423687600517,109581078
2020-04-08,Philippines,0.16608706842617482,109581078
2020-04-09,Philippines,0.1852509609368873,109581078
2020-04-10,Philippines,0.201677154517498,109581078
2020-04-11,Philippines,0.2254038785783801,109581078
2020-04-12,Philippines,0.27103219408007645,109581078
2020-04-13,Philippines,0.2874583876606872,109581078
2020-04-14,Philippines,0.30570971386136575,109581078
2020-04-15,Philippines,0.3184856422018407,109581078
2020-04-16,Philippines,0.33034900423228175,109581078
2020-04-17,Philippines,0.35316316198312997,109581078
2020-04-18,Philippines,0.36228882508346927,109581078
2020-04-19,Philippines,0.3732396208038764,109581078
2020-04-20,Philippines,0.390578380694521,109581078
2020-04-21,Philippines,0.39879147748482635,109581078
2020-04-22,Philippines,0.40700457427513165,109581078
2020-04-23,Philippines,0.4216056352356745,109581078
2020-04-24,Philippines,0.4352941298861835,109581078
2020-04-25,Philippines,0.4508077571567602,109581078
2020-04-26,Philippines,0.45719572132699776,109581078
2020-04-27,Philippines,0.466321384427337,109581078
2020-04-28,Philippines,0.48366014431798166,109581078
2020-04-29,Philippines,0.5092120009989316,109581078
2020-04-30,Philippines,0.5183376640992708,109581078
2020-05-01,Philippines,0.5283758935096441,109581078
2020-05-02,Philippines,0.5502774849504584,109581078
2020-05-03,Philippines,0.553927750190594,109581078
2020-05-04,Philippines,0.5685288111511368,109581078
2020-05-05,Philippines,0.5813047394916119,109581078
2020-05-06,Philippines,0.6004686320023244,109581078
2020-05-07,Philippines,0.6251079223732404,109581078
2020-05-08,Philippines,0.6351461517836136,109581078
2020-05-09,Philippines,0.642446682263885,109581078
2020-05-10,Philippines,0.6561351769143939,109581078
2020-05-11,Philippines,0.6625231410846315,109581078
2020-05-12,Philippines,0.6853372988354796,109581078
2020-05-13,Philippines,0.704501191346192,109581078
2020-05-14,Philippines,0.7209273849268028,109581078
2020-05-15,Philippines,0.7355284458873456,109581078
2020-05-16,Philippines,0.7455666752977188,109581078
2020-05-17,Philippines,0.7519546394679563,109581078
2020-05-18,Philippines,0.7583426036381938,109581078
2020-05-19,Philippines,0.7638180014983973,109581078
2020-05-20,Philippines,0.7683808330485671,109581078
2020-05-21,Philippines,0.7720310982887028,109581078
2020-05-22,Philippines,0.782069327699076,109581078
2020-05-23,Philippines,0.7875447255592795,109581078
2020-05-24,Philippines,0.7921075571094491,109581078
2020-05-25,Philippines,0.7966703886596187,109581078
2020-05-26,Philippines,0.80853375069006,109581078
2020-05-27,Philippines,0.8249599442706705,109581078
2020-05-28,Philippines,0.8404735715412472,109581078
2020-05-29,Philippines,0.8596374640519597,109581078
2020-05-30,Philippines,0.8669379945322311,109581078
2020-05-31,Philippines,0.8733259587024688,109581078
2020-06-01,Philippines,0.8760636576325705,109581078
2020-06-02,Philippines,0.881539055492774,109581078
2020-06-03,Philippines,0.8888395859730455,109581078
2020-06-04,Philippines,0.9018136324594287,109581078
2020-06-05,Philippines,0.9138265641080845,109581078
2020-06-06,Philippines,0.9261024061106609,109581078
2020-06-07,Philippines,0.9385808378340649,109581078
2020-06-08,Philippines,0.9511842911419433,109581078
2020-06-09,Philippines,0.9638260722348433,109581078
2020-06-10,Philippines,0.9763975857218706,109581078
2020-06-11,Philippines,0.9887874985132012,109581078
2020-06-12,Philippines,1.000909116809382,109581078
2020-06-13,Philippines,1.0127022112339505,109581078
2020-06-14,Philippines,1.0241047272778243,109581078
2020-06-15,Philippines,1.0350555229982314,109581078
2020-06-16,Philippines,1.04550075698288,109581078
2020-06-17,Philippines,1.0553902380847175,109581078
2020-06-18,Philippines,1.0647011521459937,109581078
2020-06-19,Philippines,1.0734398871308786,109581078
2020-06-20,Philippines,1.081628344630813,109581078
2020-06-21,Philippines,1.0892993770329584,109581078
2020-06-22,Philippines,1.0964958749538856,109581078
2020-06-23,Philippines,1.1032662044080275,109581078
2020-06-24,Philippines,1.1096669445066052,109581078
2020-06-25,Philippines,1.1157482863966712,109581078
2020-06-26,Philippines,1.1215366945012166,109581078
2020-06-27,Philippines,1.1270431196159614,109581078
2020-06-28,Philippines,1.1322803376692463,109581078
2020-06-29,Philippines,1.1372592994567912,109581078
2020-06-30,Philippines,1.1419946060395574,109581078
2020-07-01,Philippines,1.1464972082132647,109581078
2020-07-02,Philippines,1.1507771442073236,109581078
2020-07-03,Philippines,1.154848102516385,109581078
2020-07-04,Philippines,1.1587192088035492,109581078
2020-07-05,Philippines,1.162402326430846,109581078
2020-07-06,Philippines,1.1659074936276863,109581078
2020-07-07,Philippines,1.1692438360571704,109581078
2020-07-08,Philippines,1.1724195668160884,109581078
2020-07-09,Philippines,1.1754419864349206,109581078
2020-07-10,Philippines,1.178320220576768,109581078
2020-07-11,Philippines,1.1810606572057998,109581078
2020-07-12,Philippines,1.1836715094188066,109581078
2020-07-13,Philippines,1.1861591651799595,109581078
2020-07-14,Philippines,1.1885300124534273,109581078
2020-07-15,Philippines,1.1907895266370714,109581078
2020-07-16,Philippines,1.1929440956950614,109581078
2020-07-17,Philippines,1.194997369892638,109581078
2020-07-18,Philippines,1.1969566497602806,109581078
2020-07-19,Philippines,1.19882467299692,109581078
2020-07-20,Philippines,1.2006069150004164,109581078
2020-07-21,Philippines,1.2023088511686295,109581078
2020-07-22,Philippines,1.20393321920049,109581078
2020-07-23,Philippines,1.2054836693612379,109581078
2020-07-24,Philippines,1.2069647644824228,109581078
2020-07-25,Philippines,1.2083792422629753,109581078
2020-07-26,Philippines,1.2097316655344459,109581078
2020-07-27,Philippines,1.2110229468631437,109581078
2020-07-28,Philippines,1.2122576490806194,109581078
2020-07-29,Philippines,1.2134394224521134,109581078
2020-07-30,Philippines,1.2145682669776254,109581078
2020-07-31,Philippines,1.2156487454887057,109581078
2020-03-04,Egypt,0.0,102334404
2020-03-05,Egypt,0.0,102334404
2020-03-06,Egypt,0.0,102334404
2020-03-07,Egypt,0.0,102334404
2020-03-08,Egypt,0.0009771884731942153,102334404
2020-03-09,Egypt,0.0009771884731942153,102334404
2020-03-10,Egypt,0.0009771884731942153,102334404
2020-03-11,Egypt,0.0009771884731942153,102334404
2020-03-12,Egypt,0.0009771884731942153,102334404
2020-03-13,Egypt,0.0019543769463884306,102334404
2020-03-14,Egypt,0.0019543769463884306,102334404
2020-03-15,Egypt,0.0019543769463884306,102334404
2020-03-16,Egypt,0.0019543769463884306,102334404
2020-03-17,Egypt,0.003908753892776861,102334404
2020-03-18,Egypt,0.005863130839165291,102334404
2020-03-19,Egypt,0.005863130839165291,102334404
2020-03-20,Egypt,0.007817507785553722,102334404
2020-03-21,Egypt,0.009771884731942152,102334404
2020-03-22,Egypt,0.013680638624719015,102334404
2020-03-23,Egypt,0.01856658099069009,102334404
2020-03-24,Egypt,0.019543769463884305,102334404
2020-03-25,Egypt,0.020520957937078522,102334404
2020-03-26,Egypt,0.023452523356661165,102334404
2020-03-27,Egypt,0.02931565419582646,102334404
2020-03-28,Egypt,0.03517878503499175,102334404
2020-03-29,Egypt,0.03908753892776861,102334404
2020-03-30,Egypt,0.04006472740096283,102334404
2020-03-31,Egypt,0.044950669766933904,102334404
2020-04-01,Egypt,0.0508138006060992,102334404
2020-04-02,Egypt,0.056676931445264485,102334404
2020-04-03,Egypt,0.06449443923081821,102334404
2020-04-04,Egypt,0.06938038159678929,102334404
2020-04-05,Egypt,0.07622070090914879,102334404
2020-04-06,Egypt,0.08306102022150831,102334404
2020-04-07,Egypt,0.09185571648025624,102334404
2020-04-08,Egypt,0.10065041273900419,102334404
2020-04-09,Egypt,0.11530823983691742,102334404
2020-04-10,Egypt,0.13192044388121907,102334404
2020-04-11,Egypt,0.14266951708635545,102334404
2020-04-12,Egypt,0.15537296723788024,102334404
2020-04-13,Egypt,0.1602589096038513,102334404
2020-04-14,Egypt,0.17393954822857033,102334404
2020-04-15,Egypt,0.1788254905945414,102334404
2020-04-16,Egypt,0.19152894074606622,102334404
2020-04-17,Egypt,0.20032363700481412,102334404
2020-04-18,Egypt,0.21889021799550423,102334404
2020-04-19,Egypt,0.23354804509341748,102334404
2020-04-20,Egypt,0.2442971182985538,102334404
2020-04-21,Egypt,0.25797775692327285,102334404
2020-04-22,Egypt,0.2697040186016034,102334404
2020-04-23,Egypt,0.28045309180673983,102334404
2020-04-24,Egypt,0.2872934111190993,102334404
2020-04-25,Egypt,0.2999968612706241,102334404
2020-04-26,Egypt,0.30976874600256626,102334404
2020-04-27,Egypt,0.3293125154664506,102334404
2020-04-28,Egypt,0.35081066187672333,102334404
2020-04-29,Egypt,0.3713316198138018,102334404
2020-04-30,Egypt,0.38305788149213243,102334404
2020-05-01,Egypt,0.3967385201168514,102334404
2020-05-02,Egypt,0.40553321637559936,102334404
2020-05-03,Egypt,0.4192138550003183,102334404
2020-05-04,Egypt,0.42605417431267784,102334404
2020-05-05,Egypt,0.4416891898837853,102334404
2020-05-06,Egypt,0.458301393928087,102334404
2020-05-07,Egypt,0.4710048440796118,102334404
2020-05-08,Egypt,0.49152580201669027,102334404
2020-05-09,Egypt,0.5022748752218267,102334404
2020-05-10,Egypt,0.513023948426963,102334404
2020-05-11,Egypt,0.5208414562125168,102334404
2020-05-12,Egypt,0.5315905294176532,102334404
2020-05-13,Egypt,0.5433167910959837,102334404
2020-05-14,Egypt,0.5579746181938969,102334404
2020-05-15,Egypt,0.5784955761309755,102334404
2020-05-16,Egypt,0.5980393455948597,102334404
2020-05-17,Egypt,0.6156287381123556,102334404
2020-05-18,Egypt,0.6302865652102689,102334404
2020-05-19,Egypt,0.6439672038349878,102334404
2020-05-20,Egypt,0.6644881617720665,102334404
2020-05-21,Egypt,0.6801231773431738,102334404
2020-05-22,Egypt,0.6908722505483103,102334404
2020-05-23,Egypt,0.7182335277977483,102334404
2020-05-24,Egypt,0.7465719935203805,102334404
2020-05-25,Egypt,0.7651385745110706,102334404
2020-05-26,Egypt,0.7788192131357896,102334404
2020-05-27,Egypt,0.7973857941264798,102334404
2020-05-28,Egypt,0.825724259849112,102334404
2020-05-29,Egypt,0.8589486679377153,102334404
2020-05-30,Egypt,0.8921730760263186,102334404
2020-05-31,Egypt,0.9371237457932525,102334404
2020-06-01,Egypt,0.9820744155601865,102334404
2020-06-02,Egypt,1.0280022738003145,102334404
2020-06-03,Egypt,1.0631810588353063,102334404
2020-06-04,Egypt,1.0824121279877685,102334404
2020-06-05,Egypt,1.1259488060339904,102334404
2020-06-06,Egypt,1.171899139609002,102334404
2020-06-07,Egypt,1.219849777988642,102334404
2020-06-08,Egypt,1.2691831380578522,102334404
2020-06-09,Egypt,1.3190549289757922,102334404
2020-06-10,Egypt,1.3684185818876706,102334404
2020-06-11,Egypt,1.4161718281957258,102334404
2020-06-12,Egypt,1.461561255587124,102334404
2020-06-13,Egypt,1.5042018518034268,102334404
2020-06-14,Egypt,1.5438082778104616,102334404
2020-06-15,Egypt,1.5803160391689974,102334404
2020-06-16,Egypt,1.6138560791344423,102334404
2020-06-17,Egypt,1.6445847478625077,102334404
2020-06-18,Egypt,1.6727043233671446,102334404
2020-06-19,Egypt,1.6984757149706955,102334404
2020-06-20,Egypt,1.7220836112945943,102334404
2020-06-21,Egypt,1.7436413662017323,102334404
2020-06-22,Egypt,1.763308261413239,102334404
2020-06-23,Egypt,1.781286574943066,102334404
2020-06-24,Egypt,1.7978118092132536,102334404
2020-06-25,Egypt,1.813109694761109,102334404
2020-06-26,Egypt,1.8273141064074598,102334404
2020-06-27,Egypt,1.8404914929684841,102334404
2020-06-28,Egypt,1.8527141663911972,102334404
2020-06-29,Egypt,1.8640573701880359,102334404
2020-06-30,Egypt,1.8745934163060156,102334404
2020-07-01,Egypt,1.8843887535613144,102334404
2020-07-02,Egypt,1.8935020132623237,102334404
2020-07-03,Egypt,1.9019888951520154,102334404
2020-07-04,Egypt,1.9098972814655766,102334404
2020-07-05,Egypt,1.9172740772497194,102334404
2020-07-06,Egypt,1.9241573928548994,102334404
2020-07-07,Egypt,1.9305863158200443,102334404
2020-07-08,Egypt,1.9365940705532423,102334404
2020-07-09,Egypt,1.9422109498971625,102334404
2020-07-10,Egypt,1.947465292317528,102334404
2020-07-11,Egypt,1.9523844590915878,102334404
2020-07-12,Egypt,1.9569938571196446,102334404
2020-07-13,Egypt,1.9613169389250562,102334404
2020-07-14,Egypt,1.9653742254657582,102334404
2020-07-15,Egypt,1.9691842833227424,102334404
2020-07-16,Egypt,1.972763724700053,102334404
2020-07-17,Egypt,1.9761301389902068,102334404
2020-07-18,Egypt,1.9792972068318297,102334404
2020-07-19,Egypt,1.9822805632404914,102334404
2020-07-20,Egypt,1.9850919344778712,102334404
2020-07-21,Egypt,1.9877440239941202,102334404
2020-07-22,Egypt,1.9902475808624438,102334404
2020-07-23,Egypt,1.9926123769675737,102334404
2020-07-24,Egypt,1.994847207005769,102334404
2020-07-25,Egypt,1.9969608656732882,102334404
2020-07-26,Egypt,1.99896214766639,102334404
2020-07-27,Egypt,2.00085887049286,102334404
2020-07-28,Egypt,2.0026568972835372,102334404
2020-07-29,Egypt,2.0043630683577343,102334404
2020-07-30,Egypt,2.0059832468462906,102334404
2020-07-31,Egypt,2.007522318691571,102334404
2020-03-04,Turkey,,84339067
2020-03-05,Turkey,,84339067
2020-03-06,Turkey,,84339067
2020-03-07,Turkey,,84339067
2020-03-08,Turkey,,84339067
2020-03-09,Turkey,,84339067
2020-03-10,Turkey,,84339067
2020-03-11,Turkey,0.0,84339067
2020-03-12,Turkey,0.0,84339067
2020-03-13,Turkey,0.0,84339067
2020-03-14,Turkey,0.0,84339067
2020-03-15,Turkey,0.0,84339067
2020-03-16,Turkey,0.0,84339067
2020-03-17,Turkey,0.0011856901381183172,84339067
2020-03-18,Turkey,0.0011856901381183172,84339067
2020-03-19,Turkey,0.0035570704143549512,84339067
2020-03-20,Turkey,0.004742760552473269,84339067
2020-03-21,Turkey,0.010671211243064853,84339067
2020-03-22,Turkey,0.035570704143549514,84339067
2020-03-23,Turkey,0.04387053511037773,84339067
2020-03-24,Turkey,0.052170366077205946,84339067
2020-03-25,Turkey,0.06995571814898072,84339067
2020-03-26,Turkey,0.08892676035887377,84339067
2020-03-27,Turkey,0.10908349270688517,84339067
2020-03-28,Turkey,0.12805453491677826,84339067
2020-03-29,Turkey,0.15532540809349954,84339067
2020-03-30,Turkey,0.1991959432038773,84339067
2020-03-31,Turkey,0.25373768955731985,84339067
2020-04-01,Turkey,0.3284361682587738,84339067
2020-04-02,Turkey,0.4221056891701209,84339067
2020-04-03,Turkey,0.5039183087002848,84339067
2020-04-04,Turkey,0.5940307591972769,84339067
2020-04-05,Turkey,0.680586139279914,84339067
2020-04-06,Turkey,0.7695128996387879,84339067
2020-04-07,Turkey,0.8596253501357799,84339067
2020-04-08,Turkey,0.9627803921520734,84339067
2020-04-09,Turkey,1.076606645411432,84339067
2020-04-10,Turkey,1.192804278947027,84339067
2020-04-11,Turkey,1.3054448420682672,84339067
2020-04-12,Turkey,1.420456785465744,84339067
2020-04-13,Turkey,1.536654419001339,84339067
2020-04-14,Turkey,1.663523263779999,84339067
2020-04-15,Turkey,1.7998776296636052,84339067
2020-04-16,Turkey,1.9480888969283952,84339067
2020-04-17,Turkey,2.0974858543313033,84339067
2020-04-18,Turkey,2.2409543610436193,84339067
2020-04-19,Turkey,2.3915370085846455,84339067
2020-04-20,Turkey,2.537376895573199,84339067
2020-04-21,Turkey,2.6784740220092784,84339067
2020-04-22,Turkey,2.817199768169121,84339067
2020-04-23,Turkey,2.953554134052728,84339067
2020-04-24,Turkey,3.082794359107625,84339067
2020-04-25,Turkey,3.208477513748166,84339067
2020-04-26,Turkey,3.3258608374218794,84339067
2020-04-27,Turkey,3.4385014005431196,84339067
2020-04-28,Turkey,3.547584893250005,84339067
2020-04-29,Turkey,3.653111315542535,84339067
2020-04-30,Turkey,3.7633804983875385,84339067
2020-05-01,Turkey,3.862978469989477,84339067
2020-05-02,Turkey,3.9554623007627057,84339067
2020-05-03,Turkey,4.027789399187923,84339067
2020-05-04,Turkey,4.103673568027496,84339067
2020-05-05,Turkey,4.173629286176476,84339067
2020-05-06,Turkey,4.249513455016049,84339067
2020-05-07,Turkey,4.317097792888793,84339067
2020-05-08,Turkey,4.374010919518472,84339067
2020-05-09,Turkey,4.433295426424388,84339067
2020-05-10,Turkey,4.489022862915949,84339067
2020-05-11,Turkey,4.554235820512456,84339067
2020-05-12,Turkey,4.617077397832727,84339067
2020-05-13,Turkey,4.68584742584359,84339067
2020-05-14,Turkey,4.751060383440097,84339067
2020-05-15,Turkey,4.807973510069776,84339067
2020-05-16,Turkey,4.856586805732627,84339067
2020-05-17,Turkey,4.908757171809833,84339067
2020-05-18,Turkey,4.9455135660915,84339067
2020-05-19,Turkey,4.978712889958814,84339067
2020-05-20,Turkey,5.005983763135535,84339067
2020-05-21,Turkey,5.037997396864729,84339067
2020-05-22,Turkey,5.070011030593924,84339067
2020-05-23,Turkey,5.10795311501371,84339067
2020-05-24,Turkey,5.145895199433496,84339067
2020-05-25,Turkey,5.180280213438928,84339067
2020-05-26,Turkey,5.21347953730624,84339067
2020-05-27,Turkey,5.253793002002263,84339067
2020-05-28,Turkey,5.289363706145813,84339067
2020-05-29,Turkey,5.322563030013125,84339067
2020-05-30,Turkey,5.353390973604202,84339067
2020-05-31,Turkey,5.38303322705716,84339067
2020-06-01,Turkey,5.410304100233881,84339067
2020-06-02,Turkey,5.436389283272484,84339067
2020-06-03,Turkey,5.464845846587323,84339067
2020-06-04,Turkey,5.501510942728356,84339067
2020-06-05,Turkey,5.530829502773607,84339067
2020-06-06,Turkey,5.559415306313503,84339067
2020-06-07,Turkey,5.587193654869338,84339067
2020-06-08,Turkey,5.614089849962414,84339067
2020-06-09,Turkey,5.640032750184443,84339067
2020-06-10,Turkey,5.664959513958105,84339067
2020-06-11,Turkey,5.688816785227184,84339067
2020-06-12,Turkey,5.711608121062094,84339067
2020-06-13,Turkey,5.733385691828913,84339067
2020-06-14,Turkey,5.754190996682475,84339067
2020-06-15,Turkey,5.774054863566372,84339067
2020-06-16,Turkey,5.792989149381982,84339067
2020-06-17,Turkey,5.811003339650413,84339067
2020-06-18,Turkey,5.828108105582909,84339067
2020-06-19,Turkey,5.844323603911814,84339067
2020-06-20,Turkey,5.859692519482104,84339067
2020-06-21,Turkey,5.874258722828888,84339067
2020-06-22,Turkey,5.888064898797138,84339067
2020-06-23,Turkey,5.9011584749923784,84339067
2020-06-24,Turkey,5.913584507639858,84339067
2020-06-25,Turkey,5.92538568158455,84339067
2020-06-26,Turkey,5.936597567530597,84339067
2020-06-27,Turkey,5.94725099342159,84339067
2020-06-28,Turkey,5.957377972891258,84339067
2020-06-29,Turkey,5.967009333883194,84339067
2020-06-30,Turkey,5.976177090031125,84339067
2020-07-01,Turkey,5.984908512208227,84339067
2020-07-02,Turkey,5.993229685597542,84339067
2020-07-03,Turkey,6.00116432400183,84339067
2020-07-04,Turkey,6.008734955533714,84339067
2020-07-05,Turkey,6.015962922615684,84339067
2020-07-06,Turkey,6.022867196289948,84339067
2020-07-07,Turkey,6.029465561908575,84339067
2020-07-08,Turkey,6.035774619133503,84339067
2020-07-09,Turkey,6.041806224866111,84339067
2020-07-10,Turkey,6.047576978768333,84339067
2020-07-11,Turkey,6.053102294811964,84339067
2020-07-12,Turkey,6.058395215588524,84339067
2020-07-13,Turkey,6.063468783689532,84339067
2020-07-14,Turkey,6.06833485601637,84339067
2020-07-15,Turkey,6.0730041037802796,84339067
2020-07-16,Turkey,6.0774860125023675,84339067
2020-07-17,Turkey,6.081790067703737,84339067
2020-07-18,Turkey,6.085926940595632,84339067
2020-07-19,Turkey,6.089904931009018,84339067
2020-07-20,Turkey,6.093733524465003,84339067
2020-07-21,Turkey,6.097419835104413,84339067
2020-07-22,Turkey,6.1009721627582145,84339067
2020-07-23,Turkey,6.104395250186963,84339067
2020-07-24,Turkey,6.107696211531484,84339067
2020-07-25,Turkey,6.110882160932608,84339067
2020-07-26,Turkey,6.113957841150888,84339067
2020-07-27,Turkey,6.116931552017288,84339067
2020-07-28,Turkey,6.119806850602225,84339067
2020-07-29,Turkey,6.122587293976112,84339067
2020-07-30,Turkey,6.125279996279779,84339067
2020-07-31,Turkey,6.127888514583639,84339067
2020-03-04,Germany,0.0,83783942
2020-03-05,Germany,0.0,83783942
2020-03-06,Germany,0.0,83783942
2020-03-07,Germany,0.0,83783942
2020-03-08,Germany,0.0,83783942
2020-03-09,Germany,0.0023870922664393137,83783942
2020-03-10,Germany,0.0023870922664393137,83783942
2020-03-11,Germany,0.0035806383996589706,83783942
2020-03-12,Germany,0.005967730666098284,83783942
2020-03-13,Germany,0.005967730666098284,83783942
2020-03-14,Germany,0.009548369065757255,83783942
2020-03-15,Germany,0.013129007465416226,83783942
2020-03-16,Germany,0.013129007465416226,83783942
2020-03-17,Germany,0.014322553598635882,83783942
2020-03-18,Germany,0.014322553598635882,83783942
2020-03-19,Germany,0.023870922664393137,83783942
2020-03-20,Germany,0.036999930129809365,83783942
2020-03-21,Germany,0.05609666826132387,83783942
2020-03-22,Germany,0.06564503732708112,83783942
2020-03-23,Germany,0.10264496745689049,83783942
2020-03-24,Germany,0.13606425918704088,83783942
2020-03-25,Germany,0.17783837384972886,83783942
2020-03-26,Germany,0.23632213437749205,83783942
2020-03-27,Germany,0.30196717170457316,83783942
2020-03-28,Germany,0.38790249329638843,83783942
2020-03-29,Germany,0.46428944582244647,83783942
2020-03-30,Germany,0.5430634906149439,83783942
2020-03-31,Germany,0.6958373956670599,83783942
2020-04-01,Germany,0.8736757695167888,83783942
2020-04-02,Germany,1.040772228167541,83783942
2020-04-03,Germany,1.213836417484391,83783942
2020-04-04,Germany,1.3821264222683627,83783942
2020-04-05,Germany,1.6017389107807796,83783942
2020-04-06,Germany,1.7115451550369878,83783942
2020-04-07,Germany,1.9180286360839887,83783942
2020-04-08,Germany,2.2211893539217815,83783942
2020-04-09,Germany,2.5148017026938168,83783942
2020-04-10,Germany,2.8322849741302454,83783942
2020-04-11,Germany,3.0363813629108067,83783942
2020-04-12,Germany,3.1903488140961427,83783942
2020-04-13,Germany,3.3407356268818194,83783942
2020-04-14,Germany,3.543638469529161,83783942
2020-04-15,Germany,3.883799117496763,83783942
2020-04-16,Germany,4.259766149460955,83783942
2020-04-17,Germany,4.616636443293633,83783942
2020-04-18,Germany,4.905474607532789,83783942
2020-04-19,Germany,5.125087096045206,83783942
2020-04-20,Germany,5.256377170699369,83783942
2020-04-21,Germany,5.487925120543982,83783942
2020-04-22,Germany,5.823311583978706,83783942
2020-04-23,Germany,6.079924002620931,83783942
2020-04-24,Germany,6.3508589748617945,83783942
2020-04-25,Germany,6.564503732708112,83783942
2020-04-26,Germany,6.731600191358865,83783942
2020-04-27,Germany,6.862890266013027,83783942
2020-04-28,Germany,7.05743828572783,83783942
2020-04-29,Germany,7.298534604638201,83783942
2020-04-30,Germany,7.505018085685202,83783942
2020-05-01,Germany,7.735372489396595,83783942
2020-05-02,Germany,7.847565825919243,83783942
2020-05-03,Germany,7.935888239777499,83783942
2020-05-04,Germany,7.987210723505944,83783942
2020-05-05,Germany,8.153113636023475,83783942
2020-05-06,Germany,8.35004874800472,83783942
2020-05-07,Germany,8.496854922390737,83783942
2020-05-08,Germany,8.672306203974026,83783942
2020-05-09,Germany,8.79524145569565,83783942
2020-05-10,Germany,8.826273655159362,83783942
2020-05-11,Germany,8.852531670090196,83783942
2020-05-12,Germany,8.990983021543675,83783942
2020-05-13,Germany,9.111531180998862,83783942
2020-05-14,Germany,9.217756786855409,83783942
2020-05-15,Germany,9.338304946310595,83783942
2020-05-16,Germany,9.406337075904116,83783942
2020-05-17,Germany,9.445724098300365,83783942
2020-05-18,Germany,9.470788567097976,83783942
2020-05-19,Germany,9.556723888689792,83783942
2020-05-20,Germany,9.655788217747023,83783942
2020-05-21,Germany,9.723820347340544,83783942
2020-05-22,Germany,9.756046092937476,83783942
2020-05-23,Germany,9.806175030532701,83783942
2020-05-24,Germany,9.843174960662509,83783942
2020-05-25,Germany,9.855110421994706,83783942
2020-05-26,Germany,9.90881999798959,83783942
2020-05-27,Germany,9.964916666250915,83783942
2020-05-28,Germany,10.038916526510533,83783942
2020-05-29,Germany,10.0854648257061,83783942
2020-05-30,Germany,10.132013124901667,83783942
2020-05-31,Germany,10.145142132367083,83783942
2020-06-01,Germany,10.158271139832499,83783942
2020-06-02,Germany,10.171400147297915,83783942
2020-06-03,Germany,10.206012985161285,83783942
2020-06-04,Germany,10.212047554410844,83783942
2020-06-05,Germany,10.244184977593918,83783942
2020-06-06,Germany,10.275541821605865,83783942
2020-06-07,Germany,10.30617895729948,83783942
2020-06-08,Germany,10.336138158789424,83783942
2020-06-09,Germany,10.3654552324597,83783942
2020-06-10,Germany,10.394167178240432,83783942
2020-06-11,Germany,10.422301447692686,83783942
2020-06-12,Germany,10.449896234292723,83783942
2020-06-13,Germany,10.477004054070408,83783942
2020-06-14,Germany,10.503653552132938,83783942
2020-06-15,Germany,10.529857857487775,83783942
2020-06-16,Germany,10.555630099142387,83783942
2020-06-17,Germany,10.580981019011974,83783942
2020-06-18,Germany,10.605890326812268,83783942
2020-06-19,Germany,10.630334151620607,83783942
2020-06-20,Germany,10.65429817088339,83783942
2020-06-21,Germany,10.67777522332382,83783942
2020-06-22,Germany,10.700749792842165,83783942
2020-06-23,Germany,10.723218298800024,83783942
2020-06-24,Germany,10.745172386374467,83783942
2020-06-25,Germany,10.766602507196428,83783942
2020-06-26,Germany,10.787512241904304,83783942
2020-06-27,Germany,10.807917106597825,83783942
2020-06-28,Germany,10.827830230284462,83783942
2020-06-29,Germany,10.847270709702345,83783942
2020-06-30,Germany,10.866257641589602,83783942
2020-07-01,Germany,10.884807735592101,83783942
2020-07-02,Germany,10.902932927171175,83783942
2020-07-03,Germany,10.920648732426555,83783942
2020-07-04,Germany,10.937970667457973,83783942
2020-07-05,Germany,10.954913054819025,83783942
2020-07-06,Germany,10.971490217063312,83783942
2020-07-07,Germany,10.987714089652169,83783942
2020-07-08,Germany,11.003594220954657,83783942
2020-07-09,Germany,11.019137772247575,83783942
2020-07-10,Germany,11.034351904807725,83783942
2020-07-11,Germany,11.04925571537324,83783942
2020-07-12,Germany,11.06385875231318,83783942
2020-07-13,Germany,11.078175338181152,83783942
2020-07-14,Germany,11.092215021346217,83783942
2020-07-15,Germany,11.105987350177434,83783942
2020-07-16,Germany,11.119499485951616,83783942
2020-07-17,Germany,11.132758589945553,83783942
2020-07-18,Germany,11.145778984712846,83783942
2020-07-19,Germany,11.158570218622561,83783942
2020-07-20,Germany,11.171141840043763,83783942
2020-07-21,Germany,11.183504590891653,83783942
2020-07-22,Germany,11.195666825989163,83783942
2020-07-23,Germany,11.207635706613088,83783942
2020-07-24,Germany,11.219416006947966,83783942
2020-07-25,Germany,11.23102085600126,83783942
2020-07-26,Germany,11.242457415049772,83783942
2020-07-27,Germany,11.253735232462565,83783942
2020-07-28,Germany,11.264861469516438,83783942
2020-07-29,Germany,11.275845674580458,83783942
2020-07-30,Germany,11.286693815385291,83783942
2020-07-31,Germany,11.29741066611547,83783942
2020-03-04,United Kingdom,0.0,67886011
2020-03-05,United Kingdom,0.0,67886011
2020-03-06,United Kingdom,0.0014730575346369962,67886011
2020-03-07,United Kingdom,0.0029461150692739924,67886011
2020-03-08,United Kingdom,0.0029461150692739924,67886011
2020-03-09,United Kingdom,0.004419172603910988,67886011
2020-03-10,United Kingdom,0.010311402742458974,67886011
2020-03-11,United Kingdom,0.010311402742458974,67886011
2020-03-12,United Kingdom,0.013257517811732964,67886011
2020-03-13,United Kingdom,0.014730575346369963,67886011
2020-03-14,United Kingdom,0.041245610969835894,67886011
2020-03-15,United Kingdom,0.06334147398939083,67886011
2020-03-16,United Kingdom,0.09574873975140474,67886011
2020-03-17,United Kingdom,0.11931766030559669,67886011
2020-03-18,United Kingdom,0.16940161648325455,67886011
2020-03-19,United Kingdom,0.23274309047264538,67886011
2020-03-20,United Kingdom,0.2857731617195773,67886011
2020-03-21,United Kingdom,0.368264383659249,67886011
2020-03-22,United Kingdom,0.41982139737154395,67886011
2020-03-23,United Kingdom,0.5288276549346816,67886011
2020-03-24,United Kingdom,0.748313227595594,67886011
2020-03-25,United Kingdom,1.0223019290380753,67886011
2020-03-26,United Kingdom,1.2918714578766457,67886011
2020-03-27,United Kingdom,1.7102197977135527,67886011
2020-03-28,United Kingdom,2.1432987128968293,67886011
2020-03-29,United Kingdom,2.4585330253091464,67886011
2020-03-30,United Kingdom,3.009456543263383,67886011
2020-03-31,United Kingdom,3.5721645214947157,67886011
2020-04-01,United Kingdom,4.559113069701503,67886011
2020-04-02,United Kingdom,5.519546582284825,67886011
2020-04-03,United Kingdom,6.57130966201564,67886011
2020-04-04,United Kingdom,7.690833388339756,67886011
2020-04-05,United Kingdom,8.639482440645981,67886011
2020-04-06,United Kingdom,9.476179120319797,67886011
2020-04-07,United Kingdom,11.005212841272998,67886011
2020-04-08,United Kingdom,12.528354332087654,67886011
2020-04-09,United Kingdom,14.153136792792258,67886011
2020-04-10,United Kingdom,15.850099072694078,67886011
2020-04-11,United Kingdom,17.08599434425452,67886011
2020-04-12,United Kingdom,18.096511813015496,67886011
2020-04-13,United Kingdom,19.192466618785424,67886011
2020-04-14,United Kingdom,20.730338684946446,67886011
2020-04-15,United Kingdom,21.970653129110797,67886011
2020-04-16,United Kingdom,23.486429332252264,67886011
2020-04-17,United Kingdom,24.863738127137857,67886011
2020-04-18,United Kingdom,26.506197278258107,67886011
2020-04-19,United Kingdom,27.239779930507332,67886011
2020-04-20,United Kingdom,28.063219092369412,67886011
2020-04-21,United Kingdom,29.789642522963973,67886011
2020-04-22,United Kingdom,31.022591679455136,67886011
2020-04-23,United Kingdom,32.09350450713623,67886011
2020-04-24,United Kingdom,33.57392732944641,67886011
2020-04-25,United Kingdom,34.8157148311454,67886011
2020-04-26,United Kingdom,35.434398995692945,67886011
2020-04-27,United Kingdom,35.93229244240025,67886011
2020-04-28,United Kingdom,37.27130174138527,67886011
2020-04-29,United Kingdom,38.44238248142169,67886011
2020-04-30,United Kingdom,39.43522325976702,67886011
2020-05-01,United Kingdom,40.52381277786377,67886011
2020-05-02,United Kingdom,41.43858150687334,67886011
2020-05-03,United Kingdom,41.90259463028399,67886011
2020-05-04,United Kingdom,42.326835200259445,67886011
2020-05-05,United Kingdom,43.347664071762885,67886011
2020-05-06,United Kingdom,44.3036784117423,67886011
2020-05-07,United Kingdom,45.09765642291163,67886011
2020-05-08,United Kingdom,46.019790439594395,67886011
2020-05-09,United Kingdom,46.529468346578795,67886011
2020-05-10,United Kingdom,46.92424776586151,67886011
2020-05-11,United Kingdom,47.23358984813528,67886011
2020-05-12,United Kingdom,48.157196922352675,67886011
2020-05-13,United Kingdom,48.88488734446335,67886011
2020-05-14,United Kingdom,49.51535596928799,67886011
2020-05-15,United Kingdom,50.0810100625886,67886011
2020-05-16,United Kingdom,50.77040098879871,67886011
2020-05-17,United Kingdom,51.020820769687,67886011
2020-05-18,United Kingdom,51.25650997522892,67886011
2020-05-19,United Kingdom,52.05932633160607,67886011
2020-05-20,United Kingdom,52.59404621667932,67886011
2020-05-21,United Kingdom,53.09193966338662,67886011
2020-05-22,United Kingdom,53.6089828580442,67886011
2020-05-23,United Kingdom,54.024385082811825,67886011
2020-05-24,United Kingdom,54.19820587189899,67886011
2020-05-25,United Kingdom,54.376445833590076,67886011
2020-05-26,United Kingdom,54.57383554323144,67886011
2020-05-27,United Kingdom,55.18073524750188,67886011
2020-05-28,United Kingdom,55.73607793806002,67886011
2020-05-29,United Kingdom,56.21334857928241,67886011
2020-05-30,United Kingdom,56.530055949229364,67886011
2020-05-31,United Kingdom,56.69651145064334,67886011
2020-06-01,United Kingdom,57.51553143990151,67886011
2020-06-02,United Kingdom,57.9928020811239,67886011
2020-06-03,United Kingdom,58.521629736058586,67886011
2020-06-04,United Kingdom,58.043784602397686,67886011
2020-06-05,United Kingdom,58.362406947139675,67886011
2020-06-06,United Kingdom,58.66946579023475,67886011
2020-06-07,United Kingdom,58.965137898587095,67886011
2020-06-08,United Kingdom,59.24961476967618,67886011
2020-06-09,United Kingdom,59.523043709255504,67886011
2020-06-10,United Kingdom,59.78552783135248,67886011
2020-06-11,United Kingdom,60.036993483090356,67886011
2020-06-12,United Kingdom,60.27760270079796,67886011
2020-06-13,United Kingdom,60.50772374885895,67886011
2020-06-14,United Kingdom,60.72768069993094,67886011
2020-06-15,United Kingdom,60.93775343494552,67886011
2020-06-16,United Kingdom,61.13822183483428,67886011
2020-06-17,United Kingdom,61.329292127652046,67886011
2020-06-18,United Kingdom,61.51115581087833,67886011
2020-06-19,United Kingdom,61.6841516877461,67886011
2020-06-20,United Kingdom,61.84872167551573,67886011
2020-06-21,United Kingdom,62.005263499721615,67886011
2020-06-22,United Kingdom,62.154130694172025,67886011
2020-06-23,United Kingdom,62.29572098440134,67886011
2020-06-24,United Kingdom,62.430358443067156,67886011
2020-06-25,United Kingdom,62.55835241225177,67886011
2020-06-26,United Kingdom,62.680012234037434,67886011
2020-06-27,United Kingdom,62.795661981081786,67886011
2020-06-28,United Kingdom,62.90559626489174,67886011
2020-06-29,United Kingdom,63.01013915812493,67886011
2020-06-30,United Kingdom,63.10955581113758,67886011
2020-07-01,United Kingdom,63.204140835436625,67886011
2020-07-02,United Kingdom,63.29408572850157,67886011
2020-07-03,United Kingdom,63.379655640688625,67886011
2020-07-04,United Kingdom,63.46110099177871,67886011
2020-07-05,United Kingdom,63.5386132792513,67886011
2020-07-06,United Kingdom,63.61242819231197,67886011
2020-07-07,United Kingdom,63.682722497864845,67886011
2020-07-08,United Kingdom,63.74967296281409,67886011
2020-07-09,United Kingdom,63.813426892913185,67886011
2020-07-10,United Kingdom,63.874146324490916,67886011
2020-07-11,United Kingdom,63.932008024451456,67886011
2020-07-12,United Kingdom,63.98717402912361,67886011
2020-07-13,United Kingdom,64.0397769136855,67886011
2020-07-14,United Kingdom,64.0899639838906,67886011
2020-07-15,United Kingdom,64.13783835376628,67886011
2020-07-16,United Kingdom,64.18353259849073,67886011
2020-07-17,United Kingdom,64.22714983209133,67886011
2020-07-18,United Kingdom,64.26879316859551,67886011
2020-07-19,United Kingdom,64.30858045260607,67886011
2020-07-20,United Kingdom,64.34661479815038,67886011
2020-07-21,United Kingdom,64.38298458868057,67886011
2020-07-22,United Kingdom,64.41779293822404,67886011
2020-07-23,United Kingdom,64.45108403850685,67886011
2020-07-24,United Kingdom,64.48294627298104,67886011
2020-07-25,United Kingdom,64.51346802509873,67886011
2020-07-26,United Kingdom,64.5427229477366,67886011
2020-07-27,United Kingdom,64.57076996319608,67886011
2020-07-28,United Kingdom,64.59766799377857,67886011
2020-07-29,United Kingdom,64.62349069236076,67886011
2020-07-30,United Kingdom,64.6482822506687,67886011
2020-07-31,United Kingdom,64.67208686042844,67886011
2020-03-04,France,0.018384180376018078,65273511
2020-03-05,France,0.022980225470022594,65273511
2020-03-06,France,0.039832390814705826,65273511
2020-03-07,France,0.04749246597138003,65273511
2020-03-08,France,0.06128060125339359,65273511
2020-03-09,France,0.0811967966607465,65273511
2020-03-10,France,0.11796515741278266,65273511
2020-03-11,France,0.14860545803947944,65273511
2020-03-12,France,0.19150187891685497,65273511
2020-03-13,France,0.2206101645122169,65273511
2020-03-14,France,0.3079350212983028,65273511
2020-03-15,France,0.35849151733235246,65273511
2020-03-16,France,0.42283614864841573,65273511
2020-03-17,France,0.6373182530352932,65273511
2020-03-18,France,0.8977608083622161,65273511
2020-03-19,France,1.0846666421850664,65273511
2020-03-20,France,1.3543012876999982,65273511
2020-03-21,France,1.62393593321493,65273511
2020-03-22,France,2.0712843223647033,65273511
2020-03-23,France,2.6488539891779377,65273511
2020-03-24,France,3.204975445552485,65273511
2020-03-25,France,4.082820058507347,65273511
2020-03-26,France,4.802867123234722,65273511
2020-03-27,France,5.570406653933477,65273511
2020-03-28,France,6.273601553316169,65273511
2020-03-29,France,7.278603413871823,65273511
2020-03-30,France,8.479703198438337,65273511
2020-03-31,France,9.703783208474874,65273511
2020-04-01,France,10.837474331662655,65273511
2020-04-02,France,12.251524205584712,65273511
2020-04-03,France,13.313210622299758,65273511
2020-04-04,France,14.172671054878602,65273511
2020-04-05,France,15.628085334646698,65273511
2020-04-06,France,17.06511543403878,65273511
2020-04-07,France,18.367328210673392,65273511
2020-04-08,France,19.35854193594703,65273511
2020-04-09,France,20.691395013208343,65273511
2020-04-10,France,21.521747160191826,65273511
2020-04-11,France,22.267838480451896,65273511
2020-04-12,France,23.07367838693402,65273511
2020-04-13,France,24.37589116356863,65273511
2020-04-14,France,25.61222729385585,65273511
2020-04-15,France,26.61569713938017,65273511
2020-04-16,France,27.620698999935826,65273511
2020-04-17,France,28.497011597859355,65273511
2020-04-18,France,29.042408949014554,65273511
2020-04-19,France,30.11022342585494,65273511
2020-04-20,France,31.04168856490652,65273511
2020-04-21,France,31.850592501451313,65273511
2020-04-22,France,32.59821583674272,65273511
2020-04-23,France,33.332051036752105,65273511
2020-04-24,France,33.80850771149724,65273511
2020-04-25,France,34.17465930398627,65273511
2020-04-26,France,34.8839822634943,65273511
2020-04-27,France,35.63773365891104,65273511
2020-04-28,France,36.22296340088095,65273511
2020-04-29,France,36.6825679102814,65273511
2020-04-30,France,36.98284285642303,65273511
2020-05-01,France,37.26626563721997,65273511
2020-05-02,France,37.497599906951535,65273511
2020-05-03,France,38.08282964892144,65273511
2020-05-04,France,38.64507916542133,65273511
2020-05-05,France,39.07097934413241,65273511
2020-05-06,France,39.42947086146477,65273511
2020-05-07,France,39.69604147691703,65273511
2020-05-08,France,39.878351265645875,65273511
2020-05-09,France,40.04380888903004,65273511
2020-05-10,France,40.472773097803795,65273511
2020-05-11,France,40.91246141179689,65273511
2020-05-12,France,41.14839172662246,65273511
2020-05-13,France,41.44407062767008,65273511
2020-05-14,France,41.727493408467026,65273511
2020-05-15,France,41.89601506191386,65273511
2020-05-16,France,42.026236339577316,65273511
2020-05-17,France,42.321915240624946,65273511
2020-05-18,France,42.622190186766574,65273511
2020-05-19,France,42.85812050159214,65273511
2020-05-20,France,42.99753386944361,65273511
2020-05-21,France,43.175247613078454,65273511
2020-05-22,France,43.27942463520922,65273511
2020-05-23,France,43.36368546193263,65273511
2020-05-24,France,43.57969958135085,65273511
2020-05-25,France,43.778861535424376,65273511
2020-05-26,France,43.93512706862053,65273511
2020-05-27,France,44.09445663187935,65273511
2020-05-28,France,44.2415300748875,65273511
2020-05-29,France,44.37941142770764,65273511
2020-05-30,France,44.45601217927438,65273511
2020-05-31,France,44.528016885747114,65273511
2020-06-01,France,44.73024286988331,65273511
2020-06-02,France,44.92480877886284,65273511
2020-06-03,France,45.22755026920491,65273511
2020-06-04,France,45.42370947381703,65273511
2020-06-05,France,45.627635994638005,65273511
2020-06-06,France,45.83891618760939,65273511
2020-06-07,France,46.05667680416333,65273511
2020-06-08,France,46.27958499122255,65273511
2020-06-09,France,46.505909571801645,65273511
2020-06-10,France,46.73361296590894,65273511
2020-06-11,France,46.9612703995653,65273511
2020-06-12,France,47.18817714585631,65273511
2020-06-13,France,47.41356719726628,65273511
2020-06-14,France,47.63650602462613,65273511
2020-06-15,France,47.85589057711328,65273511
2020-06-16,France,48.07047992255235,65273511
2020-06-17,France,48.27914036982016,65273511
2020-06-18,France,48.48083014869539,65273511
2020-06-19,France,48.674829212113316,65273511
2020-06-20,France,48.86089243766893,65273511
2020-06-21,France,49.03912706641443,65273511
2020-06-22,France,49.2099773827089,65273511
2020-06-23,France,49.37428599481956,65273511
2020-06-24,France,49.53310999311803,65273511
2020-06-25,France,49.68690898211374,65273511
2020-06-26,France,49.8356063610551,65273511
2020-06-27,France,49.97932469114461,65273511
2020-06-28,France,50.11820185373512,65273511
2020-06-29,France,50.25237573017942,65273511
2020-06-30,France,50.382030162281296,65273511
2020-07-01,France,50.50727239109292,65273511
2020-07-02,France,50.62825561811743,65273511
2020-07-03,France,50.74511772470766,65273511
2020-07-04,France,50.85801191236671,65273511
2020-07-05,France,50.96712202289839,65273511
2020-07-06,France,51.07255529735484,65273511
2020-07-07,France,51.17446493723925,65273511
2020-07-08,France,51.27295818360376,65273511
2020-07-09,France,51.36812695735027,65273511
2020-07-10,France,51.460093819681305,65273511
2020-07-11,France,51.54898133179936,65273511
2020-07-12,France,51.63492737505724,65273511
2020-07-13,France,51.718039190507156,65273511
2020-07-14,France,51.79843933935161,65273511
2020-07-15,France,51.87621974249248,65273511
2020-07-16,France,51.95145700068134,65273511
2020-07-17,France,52.02424303482005,65273511
2020-07-18,France,52.09466976581051,65273511
2020-07-19,France,52.162875075005545,65273511
2020-07-20,France,52.22892024300639,65273511
2020-07-21,France,52.29289719071494,65273511
2020-07-22,France,52.35488251888274,65273511
2020-07-23,France,52.41493750811106,65273511
2020-07-24,France,52.473154079301786,65273511
2020-07-25,France,52.529608833206474,65273511
2020-07-26,France,52.58436305042638,65273511
2020-07-27,France,52.63749333171307,65273511
2020-07-28,France,52.6890609576678,65273511
2020-07-29,France,52.73914252904215,65273511
2020-07-30,France,52.787784006287026,65273511
2020-07-31,France,52.835046670003706,65273511
2020-03-04,Italy,0.1769711685518727,60461826
2020-03-05,Italy,0.24478255089417908,60461826
2020-03-06,Italy,0.32582542247400864,60461826
2020-03-07,Italy,0.385367124042863,60461826
2020-03-08,Italy,0.6053406326166861,60461826
2020-03-09,Italy,0.7657724396216548,60461826
2020-03-10,Italy,1.0436337136096419,60461826
2020-03-11,Italy,1.36780519992896,60461826
2020-03-12,Italy,1.6803991331654455,60461826
2020-03-13,Italy,2.0938831718380455,60461826
2020-03-14,Italy,2.3833219989088654,60461826
2020-03-15,Italy,2.9919705038349322,60461826
2020-03-16,Italy,3.5691942218218813,60461826
2020-03-17,Italy,4.139802195190069,60461826
2020-03-18,Italy,4.925421868668009,60461826
2020-03-19,Italy,5.6316526067208095,60461826
2020-03-20,Italy,6.6686705757116895,60461826
2020-03-21,Italy,7.9802419463811765,60461826
2020-03-22,Italy,9.056954383084626,60461826
2020-03-23,Italy,10.050970012053556,60461826
2020-03-24,Italy,11.279844574988523,60461826
2020-03-25,Italy,12.409482968642067,60461826
2020-03-26,Italy,13.50438870304711,60461826
2020-03-27,Italy,15.107052836942104,60461826
2020-03-28,Italy,16.57740207846187,60461826
2020-03-29,Italy,17.827777811407813,60461826
2020-03-30,Italy,19.17077396901642,60461826
2020-03-31,Italy,20.555118530492283,60461826
2020-04-01,Italy,21.7575301149522,60461826
2020-04-02,Italy,23.014521592516907,60461826
2020-04-03,Italy,24.28143668700975,60461826
2020-04-04,Italy,25.407767208353913,60461826
2020-04-05,Italy,26.276083689566374,60461826
2020-04-06,Italy,27.327987083949466,60461826
2020-04-07,Italy,28.326964521382465,60461826
2020-04-08,Italy,29.223397917224663,60461826
2020-04-09,Italy,30.23229897158581,60461826
2020-04-10,Italy,31.17504257975933,60461826
2020-04-11,Italy,32.19882905951269,60461826
2020-04-12,Italy,32.911675542184256,60461826
2020-04-13,Italy,33.847803405739015,60461826
2020-04-14,Italy,34.843472970862635,60461826
2020-04-15,Italy,35.79944806827369,60461826
2020-04-16,Italy,36.66776454948615,60461826
2020-04-17,Italy,37.61877783843313,60461826
2020-04-18,Italy,38.4159750649939,60461826
2020-04-19,Italy,39.132129419974845,60461826
2020-04-20,Italy,39.883016434204286,60461826
2020-04-21,Italy,40.76621834080896,60461826
2020-04-22,Italy,41.48898844040866,60461826
2020-04-23,Italy,42.25641481618501,60461826
2020-04-24,Italy,42.95106800115497,60461826
2020-04-25,Italy,43.63745150535149,60461826
2020-04-26,Italy,44.067474905571,60461826
2020-04-27,Italy,44.6182356450829,60461826
2020-04-28,Italy,45.25003925617463,60461826
2020-04-29,Italy,45.78426063413963,60461826
2020-04-30,Italy,46.25563243822639,60461826
2020-05-01,Italy,46.70054126383811,60461826
2020-05-02,Italy,47.48450700116136,60461826
2020-05-03,Italy,47.77229189207749,60461826
2020-05-04,Italy,48.094809442242116,60461826
2020-05-05,Italy,48.48513837474905,60461826
2020-05-06,Italy,49.09544081582981,60461826
2020-05-07,Italy,49.54861932221498,60461826
2020-05-08,Italy,49.950525807804745,60461826
2020-05-09,Italy,50.27138942181468,60461826
2020-05-10,Italy,50.544288887338595,60461826
2020-05-11,Italy,50.840343459028176,60461826
2020-05-12,Italy,51.12482047763493,60461826
2020-05-13,Italy,51.44733802779956,60461826
2020-05-14,Italy,51.88066930032844,60461826
2020-05-15,Italy,52.280921849763516,60461826
2020-05-16,Italy,52.53397408143115,60461826
2020-05-17,Italy,52.77379482386125,60461826
2020-05-18,Italy,52.93753450317561,60461826
2020-05-19,Italy,53.20547216023545,60461826
2020-05-20,Italy,53.47175588114061,60461826
2020-05-21,Italy,53.72976992127231,60461826
2020-05-22,Italy,53.944781621382056,60461826
2020-05-23,Italy,54.141600023790225,60461826
2020-05-24,Italy,54.22429683152474,60461826
2020-05-25,Italy,54.37645895775625,60461826
2020-05-26,Italy,54.50546597782211,60461826
2020-05-27,Italy,54.69897650792089,60461826
2020-05-28,Italy,54.81475203874921,60461826
2020-05-29,Italy,54.95864448420727,60461826
2020-05-30,Italy,55.14223139737791,60461826
2020-05-31,Italy,55.26627660897969,60461826
2020-06-01,Italy,55.36551277826111,60461826
2020-06-02,Italy,55.45647926676908,60461826
2020-06-03,Italy,55.573908733752106,60461826
2020-06-04,Italy,55.25574103567431,60461826
2020-06-05,Italy,55.354381787940035,60461826
2020-06-06,Italy,55.44842459769574,60461826
2020-06-07,Italy,55.538332567064714,60461826
2020-06-08,Italy,55.62446956200098,60461826
2020-06-09,Italy,55.707199448458596,60461826
2020-06-10,Italy,55.786753777499214,60461826
2020-06-11,Italy,55.86334756082292,60461826
2020-06-12,Italy,55.93709657396056,60461826
2020-06-13,Italy,56.00816621052761,60461826
2020-06-14,Italy,56.0766391673318,60461826
2020-06-15,Italy,56.14264775926549,60461826
2020-06-16,Italy,56.20625814377489,60461826
2020-06-17,Italy,56.26755301766771,60461826
2020-06-18,Italy,56.32659853839015,60461826
2020-06-19,Italy,56.38357663891924,60461826
2020-06-20,Italy,56.4387850277628,60461826
2020-06-21,Italy,56.49250487406715,60461826
2020-06-22,Italy,56.54503388634012,60461826
2020-06-23,Italy,56.59657053692027,60461826
2020-06-24,Italy,56.64721406197689,60461826
2020-06-25,Italy,56.69688176470224,60461826
2020-06-26,Italy,56.74550748765015,60461826
2020-06-27,Italy,56.79309123082058,60461826
2020-06-28,Italy,56.839583376128935,60461826
2020-06-29,Italy,56.88505008102137,60461826
2020-06-30,Italy,56.929557502944085,60461826
2020-07-01,Italy,56.973138720620184,60461826
2020-07-02,Italy,57.015876430857375,60461826
2020-07-03,Italy,57.05778717301724,60461826
2020-07-04,Italy,57.098937104545925,60461826
2020-07-05,Italy,57.1394089222512,60461826
2020-07-06,Italy,57.1792191654946,60461826
2020-07-07,Italy,57.21845053108386,60461826
2020-07-08,Italy,57.25710301901898,60461826
2020-07-09,Italy,57.29524278674614,60461826
2020-07-10,Italy,57.33290291298843,60461826
2020-07-11,Italy,57.37013301583051,60461826
2020-07-12,Italy,57.40698271335702,60461826
2020-07-13,Italy,57.443534702375686,60461826
2020-07-14,Italy,57.4797889828865,60461826
2020-07-15,Italy,57.51581171233565,60461826
2020-07-16,Italy,57.55163596944624,60461826
2020-07-17,Italy,57.58731137230291,60461826
2020-07-18,Italy,57.62290407835185,60461826
2020-07-19,Italy,57.6584306269546,60461826
2020-07-20,Italy,57.69399025428044,60461826
2020-07-21,Italy,57.729599499690934,60461826
2020-07-22,Italy,57.765341059993794,60461826
2020-07-23,Italy,57.801231474550576,60461826
2020-07-24,Italy,57.837336900807465,60461826
2020-07-25,Italy,57.87372349621066,60461826
2020-07-26,Italy,57.91045741820632,60461826
2020-07-27,Italy,57.94760482424067,60461826
2020-07-28,Italy,57.98523187175988,60461826
2020-07-29,Italy,58.023388178848585,60461826
2020-07-30,Italy,58.06215644231453,60461826
2020-07-31,Italy,58.10161935896544,60461826
