date,country,totdea_mean
2020-03-04,United States,95.814
2020-03-05,United States,99.814
2020-03-06,United States,103.814
2020-03-07,United States,107.814
2020-03-08,United States,112.814
2020-03-09,United States,116.814
2020-03-10,United States,119.814
2020-03-11,United States,123.814
2020-03-12,United States,127.815
2020-03-13,United States,131.815
2020-03-14,United States,138.815
2020-03-15,United States,150.815
2020-03-16,United States,168.815
2020-03-17,United States,192.815
2020-03-18,United States,228.81400000000002
2020-03-19,United States,277.813
2020-03-20,United States,343.81
2020-03-21,United States,431.809
2020-03-22,United States,537.805
2020-03-23,United States,677.8
2020-03-24,United States,859.794
2020-03-25,United States,1098.7839999999999
2020-03-26,United States,1407.766
2020-03-27,United States,1792.746
2020-03-28,United States,2260.725
2020-03-29,United States,2829.6940000000004
2020-03-30,United States,3521.663
2020-03-31,United States,4368.628
2020-04-01,United States,5393.581
2020-04-02,United States,6592.536
2020-04-03,United States,7930.477
2020-04-04,United States,9365.418
2020-04-05,United States,10888.355
2020-04-06,United States,12535.298
2020-04-07,United States,14350.242
2020-04-08,United States,16344.166000000001
2020-04-09,United States,18430.099
2020-04-10,United States,20532.022
2020-04-11,United States,22598.939
2020-04-12,United States,24657.847
2020-04-13,United States,26771.765
2020-04-14,United States,28987.677000000003
2020-04-15,United States,31284.58
2020-04-16,United States,33581.477
2020-04-17,United States,35802.372
2020-04-18,United States,37933.277
2020-04-19,United States,40019.187999999995
2020-04-20,United States,42139.09
2020-04-21,United States,44327.988
2020-04-22,United States,46573.871
2020-04-23,United States,48779.757000000005
2020-04-24,United States,50843.677
2020-04-25,United States,52740.602
2020-04-26,United States,54552.535
2020-04-27,United States,56414.462
2020-04-28,United States,58404.365
2020-04-29,United States,60474.25
2020-04-30,United States,62497.145
2020-05-01,United States,64356.037000000004
2020-05-02,United States,66058.938
2020-05-03,United States,67694.83
2020-05-04,United States,69404.7
2020-05-05,United States,71249.557
2020-05-06,United States,73178.378
2020-05-07,United States,75059.189
2020-05-08,United States,76786.996
2020-05-09,United States,78362.81599999999
2020-05-10,United States,79859.046
2020-05-11,United States,81367.52
2020-05-12,United States,82937.461
2020-05-13,United States,84596.961
2020-05-14,United States,86300.207
2020-05-15,United States,87992.53199999999
2020-05-16,United States,89645.602
2020-05-17,United States,91237.771
2020-05-18,United States,92722.915
2020-05-19,United States,94170.257
2020-05-20,United States,95583.74900000001
2020-05-21,United States,96970.224
2020-05-22,United States,98334.489
2020-05-23,United States,99680.394
2020-05-24,United States,101012.23300000001
2020-05-25,United States,102327.715
2020-05-26,United States,103619.694
2020-05-27,United States,104889.15400000001
2020-05-28,United States,106134.484
2020-05-29,United States,107361.25
2020-05-30,United States,108568.543
2020-05-31,United States,109758.516
2020-06-01,United States,110926.401
2020-06-02,United States,112065.115
2020-06-03,United States,113183.93400000001
2020-06-04,United States,114275.974
2020-06-05,United States,115345.76199999999
2020-06-06,United States,116393.79800000001
2020-06-07,United States,117416.286
2020-06-08,United States,118415.25099999999
2020-06-09,United States,119384.19
2020-06-10,United States,120310.19699999999
2020-06-11,United States,121198.966
2020-06-12,United States,122061.089
2020-06-13,United States,122886.25099999999
2020-06-14,United States,123687.405
2020-06-15,United States,124475.722
2020-06-16,United States,125231.615
2020-06-17,United States,125956.73300000001
2020-06-18,United States,126664.742
2020-06-19,United States,127355.07
2020-06-20,United States,128020.079
2020-06-21,United States,128658.12
2020-06-22,United States,129276.015
2020-06-23,United States,129874.1
2020-06-24,United States,130457.521
2020-06-25,United States,131025.66900000001
2020-06-26,United States,131567.926
2020-06-27,United States,132106.42
2020-06-28,United States,132617.84699999998
2020-06-29,United States,133108.301
2020-06-30,United States,133585.215
2020-07-01,United States,134063.887
2020-07-02,United States,134506.43
2020-07-03,United States,134951.27
2020-07-04,United States,135367.958
2020-07-05,United States,135772.13
2020-07-06,United States,136164.67
2020-07-07,United States,136551.74599999998
2020-07-08,United States,136919.904
2020-07-09,United States,137275.72
2020-07-10,United States,137622.112
2020-07-11,United States,137962.1
2020-07-12,United States,138286.428
2020-07-13,United States,138602.634
2020-07-14,United States,138904.40300000002
2020-07-15,United States,139192.631
2020-07-16,United States,139467.138
2020-07-17,United States,139736.25199999998
2020-07-18,United States,140005.139
2020-07-19,United States,140279.7
2020-07-20,United States,140530.99
2020-07-21,United States,140768.753
2020-07-22,United States,140991.521
2020-07-23,United States,141214.095
2020-07-24,United States,141425.65099999998
2020-07-25,United States,141635.169
2020-07-26,United States,141829.531
2020-07-27,United States,142020.68
2020-07-28,United States,142214.941
2020-07-29,United States,142407.107
2020-07-30,United States,142582.163
2020-07-31,United States,142753.939
2020-03-04,Brazil,531.71
2020-03-05,Brazil,531.71
2020-03-06,Brazil,531.71
2020-03-07,Brazil,531.71
2020-03-08,Brazil,531.71
2020-03-09,Brazil,531.71
2020-03-10,Brazil,531.71
2020-03-11,Brazil,531.71
2020-03-12,Brazil,531.71
2020-03-13,Brazil,531.71
2020-03-14,Brazil,531.71
2020-03-15,Brazil,531.71
2020-03-16,Brazil,531.71
2020-03-17,Brazil,531.71
2020-03-18,Brazil,532.711
2020-03-19,Brazil,534.7130000000001
2020-03-20,Brazil,537.716
2020-03-21,Brazil,543.721
2020-03-22,Brazil,550.727
2020-03-23,Brazil,559.735
2020-03-24,Brazil,569.744
2020-03-25,Brazil,580.754
2020-03-26,Brazil,594.765
2020-03-27,Brazil,610.7769999999999
2020-03-28,Brazil,628.7909999999999
2020-03-29,Brazil,650.807
2020-03-30,Brazil,676.825
2020-03-31,Brazil,706.845
2020-04-01,Brazil,742.8689999999999
2020-04-02,Brazil,783.895
2020-04-03,Brazil,830.924
2020-04-04,Brazil,884.956
2020-04-05,Brazil,946.9910000000001
2020-04-06,Brazil,1017.0319999999999
2020-04-07,Brazil,1096.076
2020-04-08,Brazil,1183.122
2020-04-09,Brazil,1277.1689999999999
2020-04-10,Brazil,1376.2160000000001
2020-04-11,Brazil,1481.263
2020-04-12,Brazil,1592.31
2020-04-13,Brazil,1712.361
2020-04-14,Brazil,1845.415
2020-04-15,Brazil,1990.474
2020-04-16,Brazil,2144.535
2020-04-17,Brazil,2303.597
2020-04-18,Brazil,2464.657
2020-04-19,Brazil,2627.719
2020-04-20,Brazil,2794.7859999999996
2020-04-21,Brazil,2973.861
2020-04-22,Brazil,3171.949
2020-04-23,Brazil,3396.053
2020-04-24,Brazil,3643.17
2020-04-25,Brazil,3913.298
2020-04-26,Brazil,4202.436
2020-04-27,Brazil,4507.577
2020-04-28,Brazil,4826.72
2020-04-29,Brazil,5154.863
2020-04-30,Brazil,5487.9980000000005
2020-05-01,Brazil,5823.124
2020-05-02,Brazil,6164.244000000001
2020-05-03,Brazil,6516.361999999999
2020-05-04,Brazil,6892.483
2020-05-05,Brazil,7302.613
2020-05-06,Brazil,7750.759
2020-05-07,Brazil,8239.92
2020-05-08,Brazil,8771.096
2020-05-09,Brazil,9342.279
2020-05-10,Brazil,9953.474
2020-05-11,Brazil,10601.684
2020-05-12,Brazil,11290.663999999999
2020-05-13,Brazil,11999.84
2020-05-14,Brazil,12726.258
2020-05-15,Brazil,13466.493
2020-05-16,Brazil,14216.553999999998
2020-05-17,Brazil,14972.421
2020-05-18,Brazil,15729.653
2020-05-19,Brazil,16484.032
2020-05-20,Brazil,17244.65
2020-05-21,Brazil,18020.335
2020-05-22,Brazil,18806.92
2020-05-23,Brazil,19606.958
2020-05-24,Brazil,20426.393
2020-05-25,Brazil,21262.174
2020-05-26,Brazil,22109.853
2020-05-27,Brazil,22968.234
2020-05-28,Brazil,23834.366
2020-05-29,Brazil,24707.229
2020-05-30,Brazil,25590.271
2020-05-31,Brazil,26485.465
2020-06-01,Brazil,27391.625
2020-06-02,Brazil,28306.165
2020-06-03,Brazil,29226.252
2020-06-04,Brazil,30151.607999999997
2020-06-05,Brazil,31083.052000000003
2020-06-06,Brazil,32021.429
2020-06-07,Brazil,32966.725
2020-06-08,Brazil,33919.167
2020-06-09,Brazil,34878.983
2020-06-10,Brazil,35846.929
2020-06-11,Brazil,36822.931000000004
2020-06-12,Brazil,37806.045
2020-06-13,Brazil,38794.263999999996
2020-06-14,Brazil,39785.385
2020-06-15,Brazil,40778.482
2020-06-16,Brazil,41775.212999999996
2020-06-17,Brazil,42777.253
2020-06-18,Brazil,43785.731
2020-06-19,Brazil,44800.570999999996
2020-06-20,Brazil,45819.997
2020-06-21,Brazil,46841.003
2020-06-22,Brazil,47860.89
2020-06-23,Brazil,48878.698
2020-06-24,Brazil,49898.03400000001
2020-06-25,Brazil,50919.350999999995
2020-06-26,Brazil,51941.749
2020-06-27,Brazil,52965.322
2020-06-28,Brazil,53989.16099999999
2020-06-29,Brazil,55012.096
2020-06-30,Brazil,56034.847
2020-07-01,Brazil,57058.844000000005
2020-07-02,Brazil,58083.265
2020-07-03,Brazil,59106.685
2020-07-04,Brazil,60129.232
2020-07-05,Brazil,61149.685999999994
2020-07-06,Brazil,62165.399000000005
2020-07-07,Brazil,63176.585
2020-07-08,Brazil,64182.89
2020-07-09,Brazil,65183.212
2020-07-10,Brazil,66179.16
2020-07-11,Brazil,67171.97
2020-07-12,Brazil,68161.016
2020-07-13,Brazil,69146.136
2020-07-14,Brazil,70126.207
2020-07-15,Brazil,71097.815
2020-07-16,Brazil,72059.022
2020-07-17,Brazil,73009.586
2020-07-18,Brazil,73948.651
2020-07-19,Brazil,74875.661
2020-07-20,Brazil,75791.943
2020-07-21,Brazil,76699.431
2020-07-22,Brazil,77597.466
2020-07-23,Brazil,78485.77
2020-07-24,Brazil,79365.702
2020-07-25,Brazil,80237.053
2020-07-26,Brazil,81098.437
2020-07-27,Brazil,81949.519
2020-07-28,Brazil,82789.838
2020-07-29,Brazil,83616.539
2020-07-30,Brazil,84427.95300000001
2020-07-31,Brazil,85224.519
2020-03-04,Philippines,1.0
2020-03-05,Philippines,1.0
2020-03-06,Philippines,1.0
2020-03-07,Philippines,1.0
2020-03-08,Philippines,1.0
2020-03-09,Philippines,1.0
2020-03-10,Philippines,1.0
2020-03-11,Philippines,1.0
2020-03-12,Philippines,2.0
2020-03-13,Philippines,5.0
2020-03-14,Philippines,8.0
2020-03-15,Philippines,11.0
2020-03-16,Philippines,12.0
2020-03-17,Philippines,12.0
2020-03-18,Philippines,19.0
2020-03-19,Philippines,17.0
2020-03-20,Philippines,18.0
2020-03-21,Philippines,19.0
2020-03-22,Philippines,25.0
2020-03-23,Philippines,33.0
2020-03-24,Philippines,35.0
2020-03-25,Philippines,38.0
2020-03-26,Philippines,45.0
2020-03-27,Philippines,54.0
2020-03-28,Philippines,68.0
2020-03-29,Philippines,71.0
2020-03-30,Philippines,78.0
2020-03-31,Philippines,88.0
2020-04-01,Philippines,96.0
2020-04-02,Philippines,107.0
2020-04-03,Philippines,136.0
2020-04-04,Philippines,144.0
2020-04-05,Philippines,152.0
2020-04-06,Philippines,163.0
2020-04-07,Philippines,177.0
2020-04-08,Philippines,182.0
2020-04-09,Philippines,203.0
2020-04-10,Philippines,221.0
2020-04-11,Philippines,247.0
2020-04-12,Philippines,297.0
2020-04-13,Philippines,315.0
2020-04-14,Philippines,335.0
2020-04-15,Philippines,349.0
2020-04-16,Philippines,362.0
2020-04-17,Philippines,387.0
2020-04-18,Philippines,397.0
2020-04-19,Philippines,409.0
2020-04-20,Philippines,428.0
2020-04-21,Philippines,437.0
2020-04-22,Philippines,446.0
2020-04-23,Philippines,462.0
2020-04-24,Philippines,477.0
2020-04-25,Philippines,494.0
2020-04-26,Philippines,501.0
2020-04-27,Philippines,511.0
2020-04-28,Philippines,530.0
2020-04-29,Philippines,558.0
2020-04-30,Philippines,568.0
2020-05-01,Philippines,579.0
2020-05-02,Philippines,603.0
2020-05-03,Philippines,607.0
2020-05-04,Philippines,623.0
2020-05-05,Philippines,637.0
2020-05-06,Philippines,658.0
2020-05-07,Philippines,685.0
2020-05-08,Philippines,696.0
2020-05-09,Philippines,704.0
2020-05-10,Philippines,719.0
2020-05-11,Philippines,726.0
2020-05-12,Philippines,751.0
2020-05-13,Philippines,772.0
2020-05-14,Philippines,790.0
2020-05-15,Philippines,806.0
2020-05-16,Philippines,817.0
2020-05-17,Philippines,824.0
2020-05-18,Philippines,831.0
2020-05-19,Philippines,837.0
2020-05-20,Philippines,867.288
2020-05-21,Philippines,881.6
2020-05-22,Philippines,895.6389999999999
2020-05-23,Philippines,909.398
2020-05-24,Philippines,922.755
2020-05-25,Philippines,935.625
2020-05-26,Philippines,948.068
2020-05-27,Philippines,960.069
2020-05-28,Philippines,971.497
2020-05-29,Philippines,982.3969999999999
2020-05-30,Philippines,992.938
2020-05-31,Philippines,1003.163
2020-06-01,Philippines,1013.1239999999999
2020-06-02,Philippines,1022.887
2020-06-03,Philippines,1032.465
2020-06-04,Philippines,1041.823
2020-06-05,Philippines,1050.8519999999999
2020-06-06,Philippines,1059.5339999999999
2020-06-07,Philippines,1067.88
2020-06-08,Philippines,1075.9080000000001
2020-06-09,Philippines,1083.637
2020-06-10,Philippines,1091.123
2020-06-11,Philippines,1098.368
2020-06-12,Philippines,1105.371
2020-06-13,Philippines,1112.187
2020-06-14,Philippines,1118.766
2020-06-15,Philippines,1125.087
2020-06-16,Philippines,1131.1680000000001
2020-06-17,Philippines,1137.021
2020-06-18,Philippines,1142.649
2020-06-19,Philippines,1148.057
2020-06-20,Philippines,1153.258
2020-06-21,Philippines,1158.258
2020-06-22,Philippines,1163.072
2020-06-23,Philippines,1167.7069999999999
2020-06-24,Philippines,1172.214
2020-06-25,Philippines,1176.606
2020-06-26,Philippines,1180.89
2020-06-27,Philippines,1185.059
2020-06-28,Philippines,1189.124
2020-06-29,Philippines,1193.057
2020-06-30,Philippines,1196.862
2020-07-01,Philippines,1200.5610000000001
2020-07-02,Philippines,1204.156
2020-07-03,Philippines,1207.6789999999999
2020-07-04,Philippines,1211.104
2020-07-05,Philippines,1214.412
2020-07-06,Philippines,1217.644
2020-07-07,Philippines,1220.7930000000001
2020-07-08,Philippines,1223.839
2020-07-09,Philippines,1226.774
2020-07-10,Philippines,1229.6589999999999
2020-07-11,Philippines,1232.47
2020-07-12,Philippines,1235.19
2020-07-13,Philippines,1237.8039999999999
2020-07-14,Philippines,1240.3339999999998
2020-07-15,Philippines,1242.8010000000002
2020-07-16,Philippines,1245.183
2020-07-17,Philippines,1247.5
2020-07-18,Philippines,1249.763
2020-07-19,Philippines,1251.961
2020-07-20,Philippines,1254.113
2020-07-21,Philippines,1256.228
2020-07-22,Philippines,1258.3110000000001
2020-07-23,Philippines,1260.34
2020-07-24,Philippines,1262.3010000000002
2020-07-25,Philippines,1264.183
2020-07-26,Philippines,1266.021
2020-07-27,Philippines,1267.8210000000001
2020-07-28,Philippines,1269.603
2020-07-29,Philippines,1271.343
2020-07-30,Philippines,1273.0510000000002
2020-07-31,Philippines,1274.719
2020-03-04,Egypt,0.0
2020-03-05,Egypt,0.0
2020-03-06,Egypt,0.0
2020-03-07,Egypt,0.0
2020-03-08,Egypt,1.0
2020-03-09,Egypt,1.0
2020-03-10,Egypt,1.0
2020-03-11,Egypt,1.0
2020-03-12,Egypt,1.0
2020-03-13,Egypt,2.0
2020-03-14,Egypt,2.0
2020-03-15,Egypt,2.0
2020-03-16,Egypt,2.0
2020-03-17,Egypt,4.0
2020-03-18,Egypt,6.0
2020-03-19,Egypt,6.0
2020-03-20,Egypt,8.0
2020-03-21,Egypt,10.0
2020-03-22,Egypt,14.0
2020-03-23,Egypt,19.0
2020-03-24,Egypt,20.0
2020-03-25,Egypt,21.0
2020-03-26,Egypt,24.0
2020-03-27,Egypt,30.0
2020-03-28,Egypt,36.0
2020-03-29,Egypt,40.0
2020-03-30,Egypt,41.0
2020-03-31,Egypt,46.0
2020-04-01,Egypt,52.0
2020-04-02,Egypt,58.0
2020-04-03,Egypt,66.0
2020-04-04,Egypt,71.0
2020-04-05,Egypt,78.0
2020-04-06,Egypt,85.0
2020-04-07,Egypt,94.0
2020-04-08,Egypt,103.0
2020-04-09,Egypt,118.0
2020-04-10,Egypt,135.0
2020-04-11,Egypt,146.0
2020-04-12,Egypt,159.0
2020-04-13,Egypt,164.0
2020-04-14,Egypt,178.0
2020-04-15,Egypt,183.0
2020-04-16,Egypt,196.0
2020-04-17,Egypt,205.0
2020-04-18,Egypt,224.0
2020-04-19,Egypt,239.0
2020-04-20,Egypt,250.0
2020-04-21,Egypt,264.0
2020-04-22,Egypt,276.0
2020-04-23,Egypt,287.0
2020-04-24,Egypt,294.0
2020-04-25,Egypt,307.0
2020-04-26,Egypt,317.0
2020-04-27,Egypt,337.0
2020-04-28,Egypt,359.0
2020-04-29,Egypt,380.0
2020-04-30,Egypt,392.0
2020-05-01,Egypt,406.0
2020-05-02,Egypt,415.0
2020-05-03,Egypt,429.0
2020-05-04,Egypt,436.0
2020-05-05,Egypt,452.0
2020-05-06,Egypt,469.0
2020-05-07,Egypt,482.0
2020-05-08,Egypt,503.0
2020-05-09,Egypt,514.0
2020-05-10,Egypt,525.0
2020-05-11,Egypt,533.0
2020-05-12,Egypt,544.0
2020-05-13,Egypt,556.0
2020-05-14,Egypt,571.0
2020-05-15,Egypt,592.0
2020-05-16,Egypt,612.0
2020-05-17,Egypt,630.0
2020-05-18,Egypt,645.0
2020-05-19,Egypt,659.0
2020-05-20,Egypt,686.543
2020-05-21,Egypt,703.435
2020-05-22,Egypt,720.6310000000001
2020-05-23,Egypt,738.138
2020-05-24,Egypt,755.982
2020-05-25,Egypt,774.128
2020-05-26,Egypt,792.5089999999999
2020-05-27,Egypt,811.11
2020-05-28,Egypt,829.923
2020-05-29,Egypt,848.931
2020-05-30,Egypt,868.0980000000001
2020-05-31,Egypt,887.4580000000001
2020-06-01,Egypt,906.9689999999999
2020-06-02,Egypt,926.586
2020-06-03,Egypt,946.295
2020-06-04,Egypt,966.055
2020-06-05,Egypt,985.9
2020-06-06,Egypt,1005.81
2020-06-07,Egypt,1025.803
2020-06-08,Egypt,1045.83
2020-06-09,Egypt,1065.862
2020-06-10,Egypt,1085.838
2020-06-11,Egypt,1105.755
2020-06-12,Egypt,1125.638
2020-06-13,Egypt,1145.5430000000001
2020-06-14,Egypt,1165.485
2020-06-15,Egypt,1185.496
2020-06-16,Egypt,1205.586
2020-06-17,Egypt,1225.742
2020-06-18,Egypt,1245.96
2020-06-19,Egypt,1266.223
2020-06-20,Egypt,1286.509
2020-06-21,Egypt,1306.823
2020-06-22,Egypt,1327.1589999999999
2020-06-23,Egypt,1347.475
2020-06-24,Egypt,1367.755
2020-06-25,Egypt,1387.996
2020-06-26,Egypt,1408.193
2020-06-27,Egypt,1428.3310000000001
2020-06-28,Egypt,1448.432
2020-06-29,Egypt,1468.489
2020-06-30,Egypt,1488.5120000000002
2020-07-01,Egypt,1508.4579999999999
2020-07-02,Egypt,1528.307
2020-07-03,Egypt,1548.068
2020-07-04,Egypt,1567.734
2020-07-05,Egypt,1587.299
2020-07-06,Egypt,1606.7579999999998
2020-07-07,Egypt,1626.095
2020-07-08,Egypt,1645.2939999999999
2020-07-09,Egypt,1664.35
2020-07-10,Egypt,1683.271
2020-07-11,Egypt,1702.036
2020-07-12,Egypt,1720.644
2020-07-13,Egypt,1739.078
2020-07-14,Egypt,1757.3210000000001
2020-07-15,Egypt,1775.376
2020-07-16,Egypt,1793.239
2020-07-17,Egypt,1810.933
2020-07-18,Egypt,1828.467
2020-07-19,Egypt,1845.865
2020-07-20,Egypt,1863.134
2020-07-21,Egypt,1880.249
2020-07-22,Egypt,1897.207
2020-07-23,Egypt,1914.015
2020-07-24,Egypt,1930.6689999999999
2020-07-25,Egypt,1947.13
2020-07-26,Egypt,1963.418
2020-07-27,Egypt,1979.5279999999998
2020-07-28,Egypt,1995.4279999999999
2020-07-29,Egypt,2011.165
2020-07-30,Egypt,2026.731
2020-07-31,Egypt,2042.13
2020-03-04,Turkey,0.0
2020-03-05,Turkey,0.0
2020-03-06,Turkey,0.0
2020-03-07,Turkey,0.0
2020-03-08,Turkey,0.0
2020-03-09,Turkey,0.0
2020-03-10,Turkey,0.0
2020-03-11,Turkey,0.0
2020-03-12,Turkey,0.0
2020-03-13,Turkey,0.0
2020-03-14,Turkey,0.0
2020-03-15,Turkey,0.0
2020-03-16,Turkey,0.0
2020-03-17,Turkey,1.0
2020-03-18,Turkey,1.0
2020-03-19,Turkey,3.0
2020-03-20,Turkey,4.0
2020-03-21,Turkey,9.0
2020-03-22,Turkey,30.0
2020-03-23,Turkey,37.0
2020-03-24,Turkey,44.0
2020-03-25,Turkey,59.0
2020-03-26,Turkey,75.0
2020-03-27,Turkey,92.0
2020-03-28,Turkey,108.0
2020-03-29,Turkey,131.0
2020-03-30,Turkey,168.0
2020-03-31,Turkey,214.0
2020-04-01,Turkey,277.0
2020-04-02,Turkey,356.0
2020-04-03,Turkey,425.0
2020-04-04,Turkey,501.0
2020-04-05,Turkey,574.0
2020-04-06,Turkey,649.0
2020-04-07,Turkey,725.0
2020-04-08,Turkey,812.0
2020-04-09,Turkey,908.0
2020-04-10,Turkey,1006.0
2020-04-11,Turkey,1101.0
2020-04-12,Turkey,1198.0
2020-04-13,Turkey,1296.0
2020-04-14,Turkey,1403.0
2020-04-15,Turkey,1518.0
2020-04-16,Turkey,1643.0
2020-04-17,Turkey,1769.0
2020-04-18,Turkey,1890.0
2020-04-19,Turkey,2017.0
2020-04-20,Turkey,2140.0
2020-04-21,Turkey,2259.0
2020-04-22,Turkey,2376.0
2020-04-23,Turkey,2491.0
2020-04-24,Turkey,2600.0
2020-04-25,Turkey,2706.0
2020-04-26,Turkey,2805.0
2020-04-27,Turkey,2900.0
2020-04-28,Turkey,2992.0
2020-04-29,Turkey,3081.0
2020-04-30,Turkey,3174.0
2020-05-01,Turkey,3258.0
2020-05-02,Turkey,3336.0
2020-05-03,Turkey,3397.0
2020-05-04,Turkey,3461.0
2020-05-05,Turkey,3520.0
2020-05-06,Turkey,3584.0
2020-05-07,Turkey,3641.0
2020-05-08,Turkey,3689.0
2020-05-09,Turkey,3739.0
2020-05-10,Turkey,3786.0
2020-05-11,Turkey,3841.0
2020-05-12,Turkey,3894.0
2020-05-13,Turkey,3952.0
2020-05-14,Turkey,4007.0
2020-05-15,Turkey,4055.0
2020-05-16,Turkey,4096.0
2020-05-17,Turkey,4140.0
2020-05-18,Turkey,4171.0
2020-05-19,Turkey,4199.0
2020-05-20,Turkey,4263.75
2020-05-21,Turkey,4300.306
2020-05-22,Turkey,4335.825
2020-05-23,Turkey,4370.4929999999995
2020-05-24,Turkey,4404.464
2020-05-25,Turkey,4437.715
2020-05-26,Turkey,4470.267
2020-05-27,Turkey,4502.135
2020-05-28,Turkey,4533.28
2020-05-29,Turkey,4563.649
2020-05-30,Turkey,4593.303
2020-05-31,Turkey,4622.231
2020-06-01,Turkey,4650.304
2020-06-02,Turkey,4677.435
2020-06-03,Turkey,4703.605
2020-06-04,Turkey,4728.776
2020-06-05,Turkey,4752.891
2020-06-06,Turkey,4776.012
2020-06-07,Turkey,4798.127
2020-06-08,Turkey,4819.224
2020-06-09,Turkey,4839.369000000001
2020-06-10,Turkey,4858.62
2020-06-11,Turkey,4876.9890000000005
2020-06-12,Turkey,4894.609
2020-06-13,Turkey,4911.583
2020-06-14,Turkey,4927.9490000000005
2020-06-15,Turkey,4943.776
2020-06-16,Turkey,4959.085
2020-06-17,Turkey,4973.923
2020-06-18,Turkey,4988.258
2020-06-19,Turkey,5002.083
2020-06-20,Turkey,5015.379
2020-06-21,Turkey,5028.159000000001
2020-06-22,Turkey,5040.418
2020-06-23,Turkey,5052.159000000001
2020-06-24,Turkey,5063.417
2020-06-25,Turkey,5074.182
2020-06-26,Turkey,5084.4890000000005
2020-06-27,Turkey,5094.3640000000005
2020-06-28,Turkey,5103.805
2020-06-29,Turkey,5112.82
2020-06-30,Turkey,5121.456
2020-07-01,Turkey,5129.713
2020-07-02,Turkey,5137.59
2020-07-03,Turkey,5145.137
2020-07-04,Turkey,5152.37
2020-07-05,Turkey,5159.304
2020-07-06,Turkey,5165.948
2020-07-07,Turkey,5172.333
2020-07-08,Turkey,5178.465999999999
2020-07-09,Turkey,5184.343
2020-07-10,Turkey,5189.982
2020-07-11,Turkey,5195.351
2020-07-12,Turkey,5200.460999999999
2020-07-13,Turkey,5205.325
2020-07-14,Turkey,5209.946
2020-07-15,Turkey,5214.326
2020-07-16,Turkey,5218.488
2020-07-17,Turkey,5222.464
2020-07-18,Turkey,5226.226
2020-07-19,Turkey,5229.813
2020-07-20,Turkey,5233.215999999999
2020-07-21,Turkey,5236.432
2020-07-22,Turkey,5239.472
2020-07-23,Turkey,5242.38
2020-07-24,Turkey,5245.14
2020-07-25,Turkey,5247.771
2020-07-26,Turkey,5250.2609999999995
2020-07-27,Turkey,5252.6359999999995
2020-07-28,Turkey,5254.888000000001
2020-07-29,Turkey,5257.03
2020-07-30,Turkey,5259.071999999999
2020-07-31,Turkey,5261.003000000001
2020-03-04,Germany,0.0
2020-03-05,Germany,0.0
2020-03-06,Germany,0.0
2020-03-07,Germany,0.0
2020-03-08,Germany,0.0
2020-03-09,Germany,0.0
2020-03-10,Germany,0.0
2020-03-11,Germany,1.0
2020-03-12,Germany,2.0
2020-03-13,Germany,3.0
2020-03-14,Germany,4.0
2020-03-15,Germany,5.999
2020-03-16,Germany,8.999
2020-03-17,Germany,10.999
2020-03-18,Germany,14.999
2020-03-19,Germany,19.999000000000002
2020-03-20,Germany,26.999000000000002
2020-03-21,Germany,36.999
2020-03-22,Germany,50.998999999999995
2020-03-23,Germany,69.999
2020-03-24,Germany,94.999
2020-03-25,Germany,128.999
2020-03-26,Germany,172.99900000000002
2020-03-27,Germany,224.99900000000002
2020-03-28,Germany,289.999
2020-03-29,Germany,363.999
2020-03-30,Germany,453.99800000000005
2020-03-31,Germany,555.997
2020-04-01,Germany,673.997
2020-04-02,Germany,805.9960000000001
2020-04-03,Germany,948.995
2020-04-04,Germany,1102.995
2020-04-05,Germany,1265.994
2020-04-06,Germany,1439.994
2020-04-07,Germany,1622.994
2020-04-08,Germany,1815.9920000000002
2020-04-09,Germany,2015.991
2020-04-10,Germany,2218.991
2020-04-11,Germany,2421.991
2020-04-12,Germany,2622.992
2020-04-13,Germany,2826.992
2020-04-14,Germany,3036.992
2020-04-15,Germany,3257.993
2020-04-16,Germany,3486.993
2020-04-17,Germany,3722.994
2020-04-18,Germany,3955.993
2020-04-19,Germany,4181.994000000001
2020-04-20,Germany,4399.994000000001
2020-04-21,Germany,4609.994000000001
2020-04-22,Germany,4817.992
2020-04-23,Germany,5019.99
2020-04-24,Germany,5214.99
2020-04-25,Germany,5401.99
2020-04-26,Germany,5582.99
2020-04-27,Germany,5750.99
2020-04-28,Germany,5912.993
2020-04-29,Germany,6069.994000000001
2020-04-30,Germany,6220.993
2020-05-01,Germany,6359.993
2020-05-02,Germany,6490.993
2020-05-03,Germany,6612.993
2020-05-04,Germany,6729.993
2020-05-05,Germany,6844.993
2020-05-06,Germany,6963.993
2020-05-07,Germany,7086.991
2020-05-08,Germany,7207.99
2020-05-09,Germany,7325.991
2020-05-10,Germany,7439.379
2020-05-11,Germany,7548.643
2020-05-12,Germany,7652.019
2020-05-13,Germany,7750.311
2020-05-14,Germany,7843.871
2020-05-15,Germany,7933.017
2020-05-16,Germany,8017.829000000001
2020-05-17,Germany,8098.703
2020-05-18,Germany,8176.4890000000005
2020-05-19,Germany,8251.369
2020-05-20,Germany,8322.845
2020-05-21,Germany,8391.188
2020-05-22,Germany,8457.009
2020-05-23,Germany,8519.818000000001
2020-05-24,Germany,8579.703000000001
2020-05-25,Germany,8637.403
2020-05-26,Germany,8692.709
2020-05-27,Germany,8745.311
2020-05-28,Germany,8795.709
2020-05-29,Germany,8844.345
2020-05-30,Germany,8891.37
2020-05-31,Germany,8937.038
2020-06-01,Germany,8981.496
2020-06-02,Germany,9024.696
2020-06-03,Germany,9066.713
2020-06-04,Germany,9107.223
2020-06-05,Germany,9145.935
2020-06-06,Germany,9182.812
2020-06-07,Germany,9217.82
2020-06-08,Germany,9251.104
2020-06-09,Germany,9282.865
2020-06-10,Germany,9313.351
2020-06-11,Germany,9342.541
2020-06-12,Germany,9370.56
2020-06-13,Germany,9397.333
2020-06-14,Germany,9422.776
2020-06-15,Germany,9446.971
2020-06-16,Germany,9470.043
2020-06-17,Germany,9492.008
2020-06-18,Germany,9512.846
2020-06-19,Germany,9532.657
2020-06-20,Germany,9551.73
2020-06-21,Germany,9569.877
2020-06-22,Germany,9587.334
2020-06-23,Germany,9604.01
2020-06-24,Germany,9619.936
2020-06-25,Germany,9635.196
2020-06-26,Germany,9649.823
2020-06-27,Germany,9663.902
2020-06-28,Germany,9677.423
2020-06-29,Germany,9690.425
2020-06-30,Germany,9702.925
2020-07-01,Germany,9714.954
2020-07-02,Germany,9726.509
2020-07-03,Germany,9737.572
2020-07-04,Germany,9748.042
2020-07-05,Germany,9757.983
2020-07-06,Germany,9767.331
2020-07-07,Germany,9776.136
2020-07-08,Germany,9784.438
2020-07-09,Germany,9792.333
2020-07-10,Germany,9799.831
2020-07-11,Germany,9806.889000000001
2020-07-12,Germany,9813.556
2020-07-13,Germany,9819.938
2020-07-14,Germany,9825.991
2020-07-15,Germany,9831.742
2020-07-16,Germany,9837.285
2020-07-17,Germany,9842.565
2020-07-18,Germany,9847.617
2020-07-19,Germany,9852.454
2020-07-20,Germany,9857.096
2020-07-21,Germany,9861.497
2020-07-22,Germany,9865.683
2020-07-23,Germany,9869.652
2020-07-24,Germany,9873.426
2020-07-25,Germany,9877.019
2020-07-26,Germany,9880.5
2020-07-27,Germany,9883.791
2020-07-28,Germany,9886.935
2020-07-29,Germany,9890.021999999999
2020-07-30,Germany,9892.876
2020-07-31,Germany,9895.59
2020-03-04,United Kingdom,0.0
2020-03-05,United Kingdom,0.0
2020-03-06,United Kingdom,1.0
2020-03-07,United Kingdom,2.0
2020-03-08,United Kingdom,2.0
2020-03-09,United Kingdom,3.0
2020-03-10,United Kingdom,7.0
2020-03-11,United Kingdom,7.0
2020-03-12,United Kingdom,9.0
2020-03-13,United Kingdom,10.0
2020-03-14,United Kingdom,28.0
2020-03-15,United Kingdom,43.0
2020-03-16,United Kingdom,65.0
2020-03-17,United Kingdom,81.0
2020-03-18,United Kingdom,115.0
2020-03-19,United Kingdom,158.0
2020-03-20,United Kingdom,194.0
2020-03-21,United Kingdom,250.0
2020-03-22,United Kingdom,285.0
2020-03-23,United Kingdom,359.0
2020-03-24,United Kingdom,508.0
2020-03-25,United Kingdom,694.0
2020-03-26,United Kingdom,877.0
2020-03-27,United Kingdom,1161.0
2020-03-28,United Kingdom,1455.0
2020-03-29,United Kingdom,1669.0
2020-03-30,United Kingdom,2043.0
2020-03-31,United Kingdom,2425.0
2020-04-01,United Kingdom,3095.0
2020-04-02,United Kingdom,3747.0
2020-04-03,United Kingdom,4461.0
2020-04-04,United Kingdom,5221.0
2020-04-05,United Kingdom,5865.0
2020-04-06,United Kingdom,6433.0
2020-04-07,United Kingdom,7471.0
2020-04-08,United Kingdom,8505.0
2020-04-09,United Kingdom,9608.0
2020-04-10,United Kingdom,10760.0
2020-04-11,United Kingdom,11599.0
2020-04-12,United Kingdom,12285.0
2020-04-13,United Kingdom,13029.0
2020-04-14,United Kingdom,14073.0
2020-04-15,United Kingdom,14915.0
2020-04-16,United Kingdom,15944.0
2020-04-17,United Kingdom,16879.0
2020-04-18,United Kingdom,17994.0
2020-04-19,United Kingdom,18492.0
2020-04-20,United Kingdom,19051.0
2020-04-21,United Kingdom,20223.0
2020-04-22,United Kingdom,21060.0
2020-04-23,United Kingdom,21787.0
2020-04-24,United Kingdom,22792.0
2020-04-25,United Kingdom,23635.0
2020-04-26,United Kingdom,24055.0
2020-04-27,United Kingdom,24393.0
2020-04-28,United Kingdom,25302.0
2020-04-29,United Kingdom,26097.0
2020-04-30,United Kingdom,26771.0
2020-05-01,United Kingdom,27510.0
2020-05-02,United Kingdom,28131.0
2020-05-03,United Kingdom,28446.0
2020-05-04,United Kingdom,28734.0
2020-05-05,United Kingdom,29427.0
2020-05-06,United Kingdom,30076.0
2020-05-07,United Kingdom,30615.0
2020-05-08,United Kingdom,31241.0
2020-05-09,United Kingdom,31587.0
2020-05-10,United Kingdom,31855.0
2020-05-11,United Kingdom,32065.0
2020-05-12,United Kingdom,32692.0
2020-05-13,United Kingdom,33186.0
2020-05-14,United Kingdom,33614.0
2020-05-15,United Kingdom,33998.0
2020-05-16,United Kingdom,34466.0
2020-05-17,United Kingdom,34636.0
2020-05-18,United Kingdom,34796.0
2020-05-19,United Kingdom,35341.0
2020-05-20,United Kingdom,36129.077000000005
2020-05-21,United Kingdom,36477.839
2020-05-22,United Kingdom,36813.417
2020-05-23,United Kingdom,37135.465
2020-05-24,United Kingdom,37443.95
2020-05-25,United Kingdom,37739.804
2020-05-26,United Kingdom,38022.706
2020-05-27,United Kingdom,38292.747
2020-05-28,United Kingdom,38551.659
2020-05-29,United Kingdom,38800.535
2020-05-30,United Kingdom,39040.062999999995
2020-05-31,United Kingdom,39270.894
2020-06-01,United Kingdom,39493.274
2020-06-02,United Kingdom,39707.0
2020-06-03,United Kingdom,39912.087
2020-06-04,United Kingdom,40108.601
2020-06-05,United Kingdom,40296.702000000005
2020-06-06,United Kingdom,40476.359
2020-06-07,United Kingdom,40647.671
2020-06-08,United Kingdom,40810.902
2020-06-09,United Kingdom,40966.025
2020-06-10,United Kingdom,41113.167
2020-06-11,United Kingdom,41252.775
2020-06-12,United Kingdom,41384.992
2020-06-13,United Kingdom,41509.925
2020-06-14,United Kingdom,41627.924
2020-06-15,United Kingdom,41739.315
2020-06-16,United Kingdom,41844.289
2020-06-17,United Kingdom,41943.11
2020-06-18,United Kingdom,42036.157
2020-06-19,United Kingdom,42123.73
2020-06-20,United Kingdom,42206.28599999999
2020-06-21,United Kingdom,42284.267
2020-06-22,United Kingdom,42358.058
2020-06-23,United Kingdom,42427.857
2020-06-24,United Kingdom,42493.846
2020-06-25,United Kingdom,42556.169
2020-06-26,United Kingdom,42614.939000000006
2020-06-27,United Kingdom,42670.47900000001
2020-06-28,United Kingdom,42723.072
2020-06-29,United Kingdom,42772.846
2020-06-30,United Kingdom,42819.912000000004
2020-07-01,United Kingdom,42864.452000000005
2020-07-02,United Kingdom,42906.507000000005
2020-07-03,United Kingdom,42946.181
2020-07-04,United Kingdom,42983.538
2020-07-05,United Kingdom,43018.72900000001
2020-07-06,United Kingdom,43051.93
2020-07-07,United Kingdom,43083.276
2020-07-08,United Kingdom,43112.81
2020-07-09,United Kingdom,43140.547
2020-07-10,United Kingdom,43166.615
2020-07-11,United Kingdom,43191.032999999996
2020-07-12,United Kingdom,43213.947
2020-07-13,United Kingdom,43235.519
2020-07-14,United Kingdom,43255.808
2020-07-15,United Kingdom,43274.856
2020-07-16,United Kingdom,43292.773
2020-07-17,United Kingdom,43309.615999999995
2020-07-18,United Kingdom,43325.454000000005
2020-07-19,United Kingdom,43340.372
2020-07-20,United Kingdom,43354.388
2020-07-21,United Kingdom,43367.56
2020-07-22,United Kingdom,43379.913
2020-07-23,United Kingdom,43391.535
2020-07-24,United Kingdom,43402.46599999999
2020-07-25,United Kingdom,43412.758
2020-07-26,United Kingdom,43422.450999999994
2020-07-27,United Kingdom,43431.594000000005
2020-07-28,United Kingdom,43440.178
2020-07-29,United Kingdom,43448.273
2020-07-30,United Kingdom,43455.903
2020-07-31,United Kingdom,43463.10400000001
2020-03-04,France,12.0
2020-03-05,France,15.0
2020-03-06,France,26.0
2020-03-07,France,31.0
2020-03-08,France,41.0
2020-03-09,France,54.0
2020-03-10,France,78.0
2020-03-11,France,99.0
2020-03-12,France,128.0
2020-03-13,France,147.0
2020-03-14,France,205.0
2020-03-15,France,239.0
2020-03-16,France,282.0
2020-03-17,France,425.0
2020-03-18,France,598.0
2020-03-19,France,723.0
2020-03-20,France,902.0
2020-03-21,France,1081.0
2020-03-22,France,1379.0
2020-03-23,France,1763.0
2020-03-24,France,2133.0
2020-03-25,France,2717.0
2020-03-26,France,3196.0
2020-03-27,France,3707.0
2020-03-28,France,4175.0
2020-03-29,France,4844.0
2020-03-30,France,5643.0
2020-03-31,France,6458.0
2020-04-01,France,7212.0
2020-04-02,France,8154.0
2020-04-03,France,8860.0
2020-04-04,France,9432.0
2020-04-05,France,10401.0
2020-04-06,France,11357.0
2020-04-07,France,12223.0
2020-04-08,France,12883.0
2020-04-09,France,13770.0
2020-04-10,France,14322.0
2020-04-11,France,14818.0
2020-04-12,France,15354.0
2020-04-13,France,16220.0
2020-04-14,France,17043.0
2020-04-15,France,17711.0
2020-04-16,France,18380.0
2020-04-17,France,18963.0
2020-04-18,France,19326.0
2020-04-19,France,20037.0
2020-04-20,France,20657.0
2020-04-21,France,21195.0
2020-04-22,France,21693.0
2020-04-23,France,22181.0
2020-04-24,France,22498.0
2020-04-25,France,22741.0
2020-04-26,France,23213.0
2020-04-27,France,23714.0
2020-04-28,France,24103.0
2020-04-29,France,24409.0
2020-04-30,France,24609.0
2020-05-01,France,24798.0
2020-05-02,France,24952.0
2020-05-03,France,25341.0
2020-05-04,France,25716.0
2020-05-05,France,25999.0
2020-05-06,France,26238.0
2020-05-07,France,26416.0
2020-05-08,France,26538.0
2020-05-09,France,26648.0
2020-05-10,France,26933.0
2020-05-11,France,27226.0
2020-05-12,France,27383.0
2020-05-13,France,27580.0
2020-05-14,France,27769.0
2020-05-15,France,27881.0
2020-05-16,France,27967.0
2020-05-17,France,28164.0
2020-05-18,France,28364.0
2020-05-19,France,28286.458
2020-05-20,France,28406.19
2020-05-21,France,28520.231
2020-05-22,France,28629.352000000003
2020-05-23,France,28734.136000000002
2020-05-24,France,28834.384
2020-05-25,France,28929.779
2020-05-26,France,29020.076
2020-05-27,France,29105.691000000003
2020-05-28,France,29187.963
2020-05-29,France,29268.606
2020-05-30,France,29349.314
2020-05-31,France,29431.642999999996
2020-06-01,France,29515.911
2020-06-02,France,29601.426
2020-06-03,France,29687.479
2020-06-04,France,29773.466
2020-06-05,France,29858.804
2020-06-06,France,29943.195
2020-06-07,France,30026.694
2020-06-08,France,30109.351000000002
2020-06-09,France,30191.057999999997
2020-06-10,France,30271.597
2020-06-11,France,30350.779
2020-06-12,France,30428.366
2020-06-13,France,30504.173
2020-06-14,France,30578.208
2020-06-15,France,30650.578999999998
2020-06-16,France,30721.31
2020-06-17,France,30790.262000000002
2020-06-18,France,30857.391
2020-06-19,France,30922.7
2020-06-20,France,30986.334
2020-06-21,France,31048.424
2020-06-22,France,31109.04
2020-06-23,France,31168.202
2020-06-24,France,31225.907000000003
2020-06-25,France,31282.121
2020-06-26,France,31336.791
2020-06-27,France,31390.005
2020-06-28,France,31441.871
2020-06-29,France,31492.39
2020-06-30,France,31541.578999999998
2020-07-01,France,31589.595
2020-07-02,France,31636.472999999998
2020-07-03,France,31682.182999999997
2020-07-04,France,31726.713
2020-07-05,France,31770.065
2020-07-06,France,31812.287
2020-07-07,France,31853.429
2020-07-08,France,31893.54
2020-07-09,France,31932.583
2020-07-10,France,31970.513
2020-07-11,France,32007.254
2020-07-12,France,32042.831000000002
2020-07-13,France,32077.26
2020-07-14,France,32110.5
2020-07-15,France,32142.56
2020-07-16,France,32173.43
2020-07-17,France,32203.158
2020-07-18,France,32231.795
2020-07-19,France,32259.421000000002
2020-07-20,France,32286.062
2020-07-21,France,32311.752
2020-07-22,France,32336.474
2020-07-23,France,32360.298
2020-07-24,France,32383.225
2020-07-25,France,32405.33
2020-07-26,France,32426.632
2020-07-27,France,32447.227000000003
2020-07-28,France,32467.145
2020-07-29,France,32486.449
2020-07-30,France,32505.199
2020-07-31,France,32523.427000000003
2020-03-04,Italy,95.0
2020-03-05,Italy,131.0
2020-03-06,Italy,179.0
2020-03-07,Italy,242.99900000000002
2020-03-08,Italy,326.999
2020-03-09,Italy,434.99800000000005
2020-03-10,Italy,569.998
2020-03-11,Italy,734.998
2020-03-12,Italy,929.998
2020-03-13,Italy,1155.998
2020-03-14,Italy,1416.997
2020-03-15,Italy,1713.995
2020-03-16,Italy,2054.994
2020-03-17,Italy,2440.996
2020-03-18,Italy,2880.998
2020-03-19,Italy,3376.9959999999996
2020-03-20,Italy,3926.9959999999996
2020-03-21,Italy,4528.999
2020-03-22,Italy,5175.998
2020-03-23,Italy,5862.991
2020-03-24,Italy,6580.993
2020-03-25,Italy,7323.996999999999
2020-03-26,Italy,8094.994000000001
2020-03-27,Italy,8886.991
2020-03-28,Italy,9694.996
2020-03-29,Italy,10512.996000000001
2020-03-30,Italy,11326.999
2020-03-31,Italy,12125.997
2020-04-01,Italy,12904.996000000001
2020-04-02,Italy,13656.999
2020-04-03,Italy,14379.997
2020-04-04,Italy,15068.003
2020-04-05,Italy,15727.005
2020-04-06,Italy,16361.007
2020-04-07,Italy,16974.006
2020-04-08,Italy,17570.006
2020-04-09,Italy,18154.008
2020-04-10,Italy,18729.014
2020-04-11,Italy,19295.018
2020-04-12,Italy,19856.018
2020-04-13,Italy,20414.018
2020-04-14,Italy,20968.019
2020-04-15,Italy,21513.019
2020-04-16,Italy,22049.016
2020-04-17,Italy,22572.017000000003
2020-04-18,Italy,23081.019
2020-04-19,Italy,23575.02
2020-04-20,Italy,24056.021
2020-04-21,Italy,24522.022999999997
2020-04-22,Italy,24973.021
2020-04-23,Italy,25404.022999999997
2020-04-24,Italy,25814.023999999998
2020-04-25,Italy,26204.022999999997
2020-04-26,Italy,26573.025
2020-04-27,Italy,26923.023999999998
2020-04-28,Italy,27261.026
2020-04-29,Italy,27588.027000000002
2020-04-30,Italy,27905.027000000002
2020-05-01,Italy,28211.023999999998
2020-05-02,Italy,28507.025
2020-05-03,Italy,28794.025
2020-05-04,Italy,29072.025
2020-05-05,Italy,29344.022999999997
2020-05-06,Italy,29616.022999999997
2020-05-07,Italy,29890.023999999998
2020-05-08,Italy,30160.022999999997
2020-05-09,Italy,30412.026
2020-05-10,Italy,30641.027000000002
2020-05-11,Italy,30866.15
2020-05-12,Italy,31065.278
2020-05-13,Italy,31254.009
2020-05-14,Italy,31432.612
2020-05-15,Italy,31602.217
2020-05-16,Italy,31763.118
2020-05-17,Italy,31915.481
2020-05-18,Italy,32061.621
2020-05-19,Italy,32201.763
2020-05-20,Italy,32336.173
2020-05-21,Italy,32465.391
2020-05-22,Italy,32589.981
2020-05-23,Italy,32709.841
2020-05-24,Italy,32824.483
2020-05-25,Italy,32934.044
2020-05-26,Italy,33038.748
2020-05-27,Italy,33138.551
2020-05-28,Italy,33233.967000000004
2020-05-29,Italy,33325.67
2020-05-30,Italy,33414.161
2020-05-31,Italy,33499.667
2020-06-01,Italy,33582.101
2020-06-02,Italy,33660.892
2020-06-03,Italy,33735.904
2020-06-04,Italy,33807.73
2020-06-05,Italy,33876.541
2020-06-06,Italy,33942.364
2020-06-07,Italy,34005.256
2020-06-08,Italy,34065.345
2020-06-09,Italy,34122.7
2020-06-10,Italy,34177.177
2020-06-11,Italy,34229.372
2020-06-12,Italy,34279.254
2020-06-13,Italy,34326.869
2020-06-14,Italy,34372.302
2020-06-15,Italy,34415.546
2020-06-16,Italy,34456.621
2020-06-17,Italy,34495.655
2020-06-18,Italy,34532.665
2020-06-19,Italy,34567.585
2020-06-20,Italy,34600.519
2020-06-21,Italy,34631.567
2020-06-22,Italy,34660.93
2020-06-23,Italy,34688.709
2020-06-24,Italy,34714.997
2020-06-25,Italy,34739.785
2020-06-26,Italy,34763.062000000005
2020-06-27,Italy,34784.888
2020-06-28,Italy,34805.522000000004
2020-06-29,Italy,34825.054
2020-06-30,Italy,34843.587999999996
2020-07-01,Italy,34861.266
2020-07-02,Italy,34878.142
2020-07-03,Italy,34894.212999999996
2020-07-04,Italy,34909.455
2020-07-05,Italy,34923.896
2020-07-06,Italy,34937.543
2020-07-07,Italy,34950.489
2020-07-08,Italy,34962.833
2020-07-09,Italy,34974.492999999995
2020-07-10,Italy,34985.772000000004
2020-07-11,Italy,34996.27
2020-07-12,Italy,35006.21
2020-07-13,Italy,35015.683
2020-07-14,Italy,35024.712
2020-07-15,Italy,35033.276
2020-07-16,Italy,35041.372
2020-07-17,Italy,35048.992999999995
2020-07-18,Italy,35056.199
2020-07-19,Italy,35063.02
2020-07-20,Italy,35069.511
2020-07-21,Italy,35075.697
2020-07-22,Italy,35081.589
2020-07-23,Italy,35087.193999999996
2020-07-24,Italy,35092.527
2020-07-25,Italy,35097.613
2020-07-26,Italy,35102.475
2020-07-27,Italy,35107.117
2020-07-28,Italy,35111.552
2020-07-29,Italy,35115.778
2020-07-30,Italy,35119.806000000004
2020-07-31,Italy,35123.648
2020-03-04,Colombia,0.0
2020-03-05,Colombia,0.0
2020-03-06,Colombia,0.0
2020-03-07,Colombia,0.0
2020-03-08,Colombia,0.0
2020-03-09,Colombia,0.0
2020-03-10,Colombia,0.0
2020-03-11,Colombia,0.0
2020-03-12,Colombia,0.0
2020-03-13,Colombia,0.0
2020-03-14,Colombia,0.0
2020-03-15,Colombia,0.0
2020-03-16,Colombia,0.0
2020-03-17,Colombia,0.0
2020-03-18,Colombia,0.0
2020-03-19,Colombia,0.0
2020-03-20,Colombia,0.0
2020-03-21,Colombia,0.0
2020-03-22,Colombia,2.0
2020-03-23,Colombia,3.0
2020-03-24,Colombia,3.0
2020-03-25,Colombia,4.0
2020-03-26,Colombia,6.0
2020-03-27,Colombia,6.0
2020-03-28,Colombia,6.0
2020-03-29,Colombia,10.0
2020-03-30,Colombia,12.0
2020-03-31,Colombia,16.0
2020-04-01,Colombia,17.0
2020-04-02,Colombia,19.0
2020-04-03,Colombia,25.0
2020-04-04,Colombia,32.0
2020-04-05,Colombia,35.0
2020-04-06,Colombia,46.0
2020-04-07,Colombia,50.0
2020-04-08,Colombia,54.0
2020-04-09,Colombia,69.0
2020-04-10,Colombia,80.0
2020-04-11,Colombia,100.0
2020-04-12,Colombia,109.0
2020-04-13,Colombia,112.0
2020-04-14,Colombia,127.0
2020-04-15,Colombia,131.0
2020-04-16,Colombia,144.0
2020-04-17,Colombia,153.0
2020-04-18,Colombia,153.0
2020-04-19,Colombia,179.0
2020-04-20,Colombia,189.0
2020-04-21,Colombia,196.0
2020-04-22,Colombia,206.0
2020-04-23,Colombia,215.0
2020-04-24,Colombia,225.0
2020-04-25,Colombia,233.0
2020-04-26,Colombia,244.0
2020-04-27,Colombia,253.0
2020-04-28,Colombia,269.0
2020-04-29,Colombia,278.0
2020-04-30,Colombia,293.0
2020-05-01,Colombia,314.0
2020-05-02,Colombia,324.0
2020-05-03,Colombia,340.0
2020-05-04,Colombia,358.0
2020-05-05,Colombia,378.0
2020-05-06,Colombia,397.0
2020-05-07,Colombia,407.0
2020-05-08,Colombia,428.0
2020-05-09,Colombia,445.0
2020-05-10,Colombia,463.0
2020-05-11,Colombia,479.0
2020-05-12,Colombia,493.0
2020-05-13,Colombia,509.0
2020-05-14,Colombia,525.0
2020-05-15,Colombia,546.0
2020-05-16,Colombia,562.0
2020-05-17,Colombia,574.0
2020-05-18,Colombia,592.0
2020-05-19,Colombia,613.0
2020-05-20,Colombia,649.695
2020-05-21,Colombia,669.757
2020-05-22,Colombia,690.1289999999999
2020-05-23,Colombia,710.816
2020-05-24,Colombia,731.825
2020-05-25,Colombia,753.1260000000001
2020-05-26,Colombia,774.7080000000001
2020-05-27,Colombia,796.596
2020-05-28,Colombia,818.827
2020-05-29,Colombia,841.421
2020-05-30,Colombia,864.421
2020-05-31,Colombia,887.877
2020-06-01,Colombia,911.783
2020-06-02,Colombia,936.1260000000001
2020-06-03,Colombia,960.922
2020-06-04,Colombia,986.1410000000001
2020-06-05,Colombia,1011.77
2020-06-06,Colombia,1037.828
2020-06-07,Colombia,1064.288
2020-06-08,Colombia,1091.194
2020-06-09,Colombia,1118.522
2020-06-10,Colombia,1146.1989999999998
2020-06-11,Colombia,1174.253
2020-06-12,Colombia,1202.691
2020-06-13,Colombia,1231.488
2020-06-14,Colombia,1260.606
2020-06-15,Colombia,1290.126
2020-06-16,Colombia,1320.0629999999999
2020-06-17,Colombia,1350.405
2020-06-18,Colombia,1381.18
2020-06-19,Colombia,1412.3870000000002
2020-06-20,Colombia,1444.0639999999999
2020-06-21,Colombia,1476.255
2020-06-22,Colombia,1508.971
2020-06-23,Colombia,1542.203
2020-06-24,Colombia,1575.901
2020-06-25,Colombia,1610.055
2020-06-26,Colombia,1644.682
2020-06-27,Colombia,1679.82
2020-06-28,Colombia,1715.49
2020-06-29,Colombia,1751.7060000000001
2020-06-30,Colombia,1788.453
2020-07-01,Colombia,1825.746
2020-07-02,Colombia,1863.578
2020-07-03,Colombia,1901.942
2020-07-04,Colombia,1940.832
2020-07-05,Colombia,1980.221
2020-07-06,Colombia,2020.1760000000002
2020-07-07,Colombia,2060.655
2020-07-08,Colombia,2101.675
2020-07-09,Colombia,2143.242
2020-07-10,Colombia,2185.3720000000003
2020-07-11,Colombia,2228.016
2020-07-12,Colombia,2271.217
2020-07-13,Colombia,2315.03
2020-07-14,Colombia,2359.439
2020-07-15,Colombia,2404.4539999999997
2020-07-16,Colombia,2450.099
2020-07-17,Colombia,2496.354
2020-07-18,Colombia,2543.266
2020-07-19,Colombia,2590.889
2020-07-20,Colombia,2639.222
2020-07-21,Colombia,2688.236
2020-07-22,Colombia,2737.966
2020-07-23,Colombia,2788.428
2020-07-24,Colombia,2839.6020000000003
2020-07-25,Colombia,2891.4829999999997
2020-07-26,Colombia,2944.107
2020-07-27,Colombia,2997.468
2020-07-28,Colombia,3051.554
2020-07-29,Colombia,3106.4440000000004
2020-07-30,Colombia,3162.17
2020-07-31,Colombia,3218.724
